birthyear,deathyear,width,height
0.046504623559708955,0.17203222122947157,1.4039399295387438,0.5041826516369657
-1.996889104070735e-15,2.0283157155826895e-15,1.4242394346437264,0.5884700169858661
-2.324746388889661,-2.4863145819586148,-0.04771072622454569,-0.5795120457060389
-0.3838335231440656,-0.5862210615590766,-0.2738377714637703,-0.15893529411815852
-0.40139834545850533,-0.5773004347027407,0.6396399582604461,0.051353081675781675
-0.08523154379858937,0.5466985491955777,-0.35597995491183937,0.07414507332624963
-0.9459078372061385,-0.9519667626688468,1.6286507302357605,0.6267433614555199
-0.0061898433836103765,0.10958783323512054,0.06606091866617067,0.453868254974612
-2.3950056781474203,-2.664727119085332,-0.04771072622454569,-0.6517583588622392
0.0025925677736095124,0.10066720637878468,-0.5372592563144746,-0.140013640672487
0.02015739008804929,0.020381564671761936,-0.04771072622454569,-0.5915530978987389
-1.060079182249997,-1.1749824340772435,-0.4858023712809141,-0.140013640672487
-0.0676667214841496,-0.06882470389159667,-0.04771072622454569,-0.6143450895492069
0.1518935574463476,0.33260350464351707,-0.5622795765601508,-0.1800071354553836
-2.175445399216923,-2.397108313395256,-1.150021061576507,-0.140013640672487
0.2924121359618658,0.207714728654815,-0.1973605661845336,-0.45566122315255264
-2.693607657492896,-2.8252984024993775,0.535309943651117,1.2133146182713366
-0.24331494462854736,-0.20263410673663457,-0.5056297948718272,-0.140013640672487
-3.2029875046116496,-2.985869685913423,0.36536059858614645,0.23626924034938962
-0.08523154379858937,0.5466985491955777,-0.3517312212852151,0.030711277916867303
-0.7966068475334004,-0.9341255089561751,-0.04771072622454569,-0.720134333813643
0.09919909050302829,0.17203222122947157,-0.4192388777971339,-0.140013640672487
0.3802362475340647,0.6180635640462646,-0.47305617040104125,-0.8680672607525294
0.6261437599362216,0.7251110863222949,-0.04771072622454569,-0.7227145592835074
-0.4980048681879241,-0.4880941661393821,-0.04771072622454569,-0.6969123045848644
-1.7978017194564677,-1.5496487620433494,-0.04771072622454569,-0.6551986594887249
0.4065834810057244,0.6805079520406156,-0.35881244399625556,0.15456210047035354
0.5734492929929023,2.0283157155826895e-15,-0.6179851952203356,-0.241502509153816
-0.08523154379858937,0.5466985491955777,-0.317741352272221,-0.09786995799803681
0.046504623559708955,0.17203222122947157,-0.04771072622454569,-0.37911453421324515
-0.08523154379858937,0.5466985491955777,-0.3262388195254695,0.11370853053083552
-0.08523154379858937,0.5466985491955777,-0.41687847022678715,-0.010572329600961444
-0.19940288884244792,-0.3096816290126649,-0.04771072622454569,-0.5528497158507745
-2.263269510789122,-2.611203357947317,-0.04771072622454569,-0.7386259496810038
0.05528703471692884,0.207714728654815,2.77675297245245,4.913787979635049
0.2572824913329863,0.4574922806322191,0.01838068574516506,-0.5752116699229317
-0.6297410355462225,-0.7646335986857938,2.1767373680702904,1.0000159794292214
-3.3874181389132674,-3.0750759544767816,-0.04771072622454569,-0.6048842628263711
-2.3950056781474203,-2.664727119085332,-0.9087874078870628,-0.44362017095985257
-1.0512967710927772,-1.0946967923702207,0.4205941357322619,-0.15549499349167278
-0.41018075661572523,-0.31860225586900076,-0.04771072622454569,-0.6827210645006108
0.12554632397468796,0.19879410179847914,-0.04771072622454569,-0.8134524883070684
0.05528703471692884,0.21663535551115087,-0.7260918619422195,-0.140013640672487
0.4504955367918238,0.6091429371899287,-0.48155363765428977,-0.19204818764808365
0.046504623559708955,0.19879410179847914,-0.5924927934605899,-0.140013640672487
0.5734492929929023,2.0283157155826895e-15,-0.539147582370752,-0.140013640672487
0.12554632397468796,0.19879410179847914,-0.6906857483870174,-0.3107385592618413
0.20458802438966694,0.37720663892519635,-0.6349801297268326,-0.140013640672487
-1.2005977607655152,-1.2998712100659453,-0.49760440913264814,-0.47243268870667054
-0.0061898433836103765,0.10958783323512054,0.32617783291838937,0.7321025681416453
-4.081228620333639,-3.877932371547009,-1.1764576263643913,-1.0852362377994411
-0.08523154379858937,0.5466985491955777,-0.4182947147689952,-0.09873003315465825
-0.3838335231440656,-0.2918403752999932,-0.6160968691640581,-0.140013640672487
-3.2029875046116496,-2.985869685913423,-0.7010715416965433,-0.140013640672487
0.09919909050302829,0.17203222122947157,-0.4716399258588332,-0.140013640672487
0.6085789376217818,2.0283157155826895e-15,-0.04771072622454569,-0.9893378578361514
-0.18183806652800816,-0.06882470389159667,-0.7119294165201386,-0.140013640672487
-0.4980048681879241,-0.4880941661393821,-0.47872114856987363,-0.140013640672487
-3.4488950170138066,-3.396218521304873,-0.6080714834248789,-0.140013640672487
-0.08523154379858937,0.5466985491955777,-0.3621170145947411,0.03114131549517802
-1.996889104070735e-15,2.0283157155826895e-15,0.9606553878276125,2.1619775160247765
0.046504623559708955,0.17203222122947157,-0.04771072622454569,-0.4745828765982241
-0.0061898433836103765,0.10958783323512054,-0.012304612669343502,0.5433160712632409
0.7666623384517398,2.0283157155826895e-15,-0.5075181209281048,-0.140013640672487
0.3099769582763056,0.4396510269195474,-0.5877719783198964,-0.140013640672487
-0.9459078372061385,-0.9519667626688468,1.9373920404371234,2.9450759461285907
0.03772221240248907,-0.175872226167627,-0.734589329195468,-0.5863926469590104
0.10798150166024817,0.22555598236748672,-0.6066552388826708,-0.140013640672487
-0.08523154379858937,0.5466985491955777,-0.3267109010395389,0.22379815057837885
-0.08523154379858937,0.5466985491955777,-0.3153809447018742,-0.03293428367311868
0.028939801245269178,0.05606407209710538,-0.04771072622454569,-0.6939020415366893
-0.08523154379858937,0.5466985491955777,-0.3455941616023134,-0.2780557033102269
-0.08523154379858937,0.5466985491955777,-0.32199008589884526,0.05522341988057812
-1.3411163392810335,-1.4158393591983116,-0.06942647587173637,0.20315634681946448
-0.9459078372061385,-0.9519667626688468,-0.46739119223220893,-0.140013640672487
0.26606490249020615,0.145270340660464,-0.5943811195168675,-0.15549499349167278
-2.878038291794514,-2.869901536781057,0.8364979496273702,0.08618612551894969
0.046504623559708955,0.17203222122947157,-0.04771072622454569,-0.4246985175141811
0.12554632397468796,0.23447660922382257,-0.6019344237419773,0.11413856810914623
0.5646668818356824,2.0283157155826895e-15,-0.04771072622454569,-0.4685623505018741
0.44171312563460396,0.5466985491955777,0.08919291285556943,-0.41308750289979174
0.0904166793458084,0.1898734749421433,-0.11852295333495005,-0.5317778745135494
-0.0061898433836103765,0.10958783323512054,-0.062345253160695925,0.2758326975539755
-2.561871490134598,-2.6379652385163244,-0.8922645548946352,-0.140013640672487
0.3099769582763056,0.5823810566209211,-0.3526753843133538,-0.030354058203254385
-2.324746388889661,-2.093807000279837,0.02451774542806677,0.8482127142855387
0.0904166793458084,0.26123848979283015,-0.5627516580742201,-0.140013640672487
0.4680603591062636,0.48425416120122666,-0.6189293582484743,-0.140013640672487
-0.26966217810020704,-0.2739991215873215,-0.6755791399367977,-0.140013640672487
-2.5179594343484983,-2.5309177162402943,-0.22521337551462597,0.4332264512156976
0.02015739008804929,0.10066720637878468,-0.04771072622454569,-0.6104747513444104
0.7139678715084204,2.0283157155826895e-15,-0.5467008865958618,-0.140013640672487
0.22215284670410673,0.37720663892519635,-0.425848018994105,-0.140013640672487
0.44171312563460396,0.6180635640462646,-0.6845486887041157,-0.140013640672487
-3.2029875046116496,-2.985869685913423,0.07550254894755791,-0.02777383273339009
0.4065834810057244,0.6983492057532873,-0.3271829825536083,-0.7162639956088466
-0.8317364921622799,-0.7289510912604503,-0.44803585015536507,-0.140013640672487
-0.348703878515186,-0.2918403752999932,0.439005314780967,-0.28579637971981975
0.511972414892363,0.5645398029082495,-0.04771072622454569,-0.6289663672117712
-0.6297410355462225,-0.497014792995718,-0.3729748894183364,-0.809582150102272
-2.324746388889661,-2.5309177162402943,-0.42443177445189695,-0.140013640672487
0.6700558157223211,2.0283157155826895e-15,1.6664172513613094,0.7157611401658381
0.28362972480464593,-0.04206282332258909,-0.4744724149432494,-0.140013640672487
0.3978010698485045,0.25231786293649433,-0.4565333174086136,-0.140013640672487
0.4065834810057244,0.6983492057532873,-0.678411629021214,-0.3954559621890524
-3.343506083127168,-3.4675835361555594,-0.04771072622454569,-0.6904617409102036
0.3363241917479653,0.3236828777871812,-0.04771072622454569,-0.5210269350557815
0.1694583797607874,0.145270340660464,-0.727980187998497,-0.140013640672487
-1.7011951967270489,-1.647775657463044,-0.04771072622454569,-0.5218870102124029
0.7842271607661796,2.0283157155826895e-15,3.420200076128991,1.868691887616868
-0.08523154379858937,0.5466985491955777,-0.35597995491183937,-0.08625894338364748
0.2397176690185465,0.47533353434489084,-0.338512938891273,-0.03809473461284728
0.3626714252196249,0.39504789263786805,-0.43576173078956165,-0.140013640672487
-0.4980048681879241,-0.4880941661393821,-0.33237587920837125,-0.140013640672487
0.353889014062405,0.28800037036183773,-0.23135043519752768,-0.5752116699229317
-1.7978017194564677,-1.8618707020151046,1.9812956212455741,2.7752111026958577
0.2924121359618658,0.3415241314998529,0.5518327966435447,0.36485047626429373
0.26606490249020615,0.3058416240745095,0.5414470033340186,-0.30772829621366626
-1.9383202979719858,-0.20263410673663457,-1.3723714547031767,-1.3441188599424923
0.511972414892363,0.5377779223392418,-0.4574774804367523,-0.140013640672487
-0.6033938020745628,-0.5505385541337331,1.0881173966263404,0.2865836370117434
0.09919909050302829,0.17203222122947157,-0.04771072622454569,-0.5618805049952995
-0.08523154379858937,0.5466985491955777,0.1047716028198584,-0.43243919392377395
0.3099769582763056,0.4396510269195474,-0.47400033342917997,-0.140013640672487
-2.3950056781474203,-2.664727119085332,-0.04771072622454569,-1.0637343588839052
-2.957079992209493,-2.932345924775408,-0.04771072622454569,-0.6147751271275176
0.08163426818858852,0.24339723608015845,-0.19783264769860295,-0.140013640672487
0.3187593694335255,0.4574922806322191,-0.5901323858902432,-0.140013640672487
0.3890186586912846,0.6894285788969514,-0.39516272057959645,-0.32019938598467707
0.05528703471692884,0.15419096751679984,0.2945483714757421,-0.23118160727435882
-2.324746388889661,-2.093807000279837,0.36441643555800773,0.2354091651927682
0.5031900037351431,0.6269841909026005,-0.5901323858902432,-0.140013640672487
-0.8317364921622799,-0.7289510912604503,0.05520304384257533,0.38076186666179024
0.6349261710934415,2.0283157155826895e-15,-0.04771072622454569,-0.5894029100071854
0.0025925677736095124,-0.05990407703526081,-0.04771072622454569,-0.9476242127400119
0.02015739008804929,0.09174657952244882,-0.04771072622454569,-0.5954234361035354
0.7490975161373,2.0283157155826895e-15,-0.5764420219822316,-0.140013640672487
-0.08523154379858937,0.5466985491955777,0.2733047033426208,-0.7197042962353324
-0.08523154379858937,0.5466985491955777,-0.34842665068672957,0.11413856810914623
0.09919909050302829,0.17203222122947157,-0.04771072622454569,-0.583812421489146
-1.9383202979719858,-0.20263410673663457,-1.2043104356944838,-1.3441188599424923
-0.41018075661572523,-0.21155473359297045,-0.04771072622454569,-0.9527846636797405
0.05528703471692884,0.19879410179847914,0.5466398999887817,1.2890012320540227
0.1518935574463476,-0.07774533074793252,-0.25731491847134264,-0.5670409559350281
0.7578799272945199,2.0283157155826895e-15,2.6941387074903114,1.5156310358237701
0.4504955367918238,0.6091429371899287,-0.743558877962786,-0.140013640672487
-2.5706539012918177,-2.5130764625276223,-0.6463100860644972,-0.6388572315129177
-0.4980048681879241,-0.4880941661393821,-0.04771072622454569,-0.28278611667164477
0.7842271607661796,2.0283157155826895e-15,1.307635300668594,0.4968720128056836
-4.046098975704759,-3.619234192713269,-0.06848231284359764,-0.08367871791378319
0.3099769582763056,0.5823810566209211,-0.04771072622454569,-0.4870539663692349
-2.8956031141089538,-2.869901536781057,-0.3205738413566372,-0.1481843546603906
-0.08523154379858937,0.5466985491955777,-0.30357890685014016,0.03114131549517802
-2.2720519219463418,-2.4773939551022788,-0.04771072622454569,-0.7713088056326183
-0.9898198929922379,-1.0679349118012131,-0.5721932883556073,-0.140013640672487
-0.4189631677729451,-0.497014792995718,-0.04771072622454569,-0.635416930886432
0.7754447496089597,2.0283157155826895e-15,0.9870919526154969,0.8490727894421601
-0.08523154379858937,0.5466985491955777,-0.3937464760373884,-0.019603118745486484
0.3890186586912846,0.6894285788969514,-0.2988580917094465,-0.2621443129127304
-0.08523154379858937,0.5466985491955777,-0.3404012649475504,-0.08754905611857963
-1.1742505272938555,-1.0946967923702207,-0.573137451383746,-0.140013640672487
-2.324746388889661,-2.263298910550218,-0.1619544526293314,-0.7321753860063431
-0.08523154379858937,0.5466985491955777,-0.5924927934605899,-0.12926270121471908
0.11676391281746806,0.145270340660464,-0.3309596346661632,-0.14259386614235128
-0.0061898433836103765,0.10958783323512054,0.21854324771057473,0.5390156954801337
-1.9734499426008654,-2.02244198542915,-0.6156247876499887,-0.140013640672487
-2.236922277317462,-2.406028940251592,-0.04771072622454569,-1.0112697743299979
0.4065834810057244,0.49317478805756254,0.5532490411857527,-0.5709112941398246
-0.0676667214841496,-0.06882470389159667,-0.5056297948718272,-0.140013640672487
-0.08523154379858937,0.5466985491955777,-0.42632010050817437,0.09005646372374614
0.3099769582763056,0.5823810566209211,-0.3078276404767644,0.02039037603741012
-1.139120882664976,-1.1749824340772435,-0.5348988487441277,-0.140013640672487
-0.3047918227290866,-0.2650784947309856,-0.04771072622454569,-1.1979060833168487
0.3978010698485045,0.5020954149138984,0.19965998714780026,0.7961781673099421
-0.08523154379858937,0.5466985491955777,-0.31868551530035977,0.08231578731415323
0.02015739008804929,0.10066720637878468,1.7957675862163147,2.450102693492956
-0.3047918227290866,-0.2739991215873215,-0.30499515139234823,-0.29310701855110194
-0.5682641574456833,-0.3096816290126649,-0.6557517163458846,-0.140013640672487
-0.08523154379858937,0.5466985491955777,-0.3946906390655271,-0.28278611667164477
-0.5682641574456833,-0.3096816290126649,5.907125492246393,3.4254279211016603
0.5031900037351431,0.5288572954829059,-0.539147582370752,-0.140013640672487
-0.08523154379858937,0.5466985491955777,0.509345460377302,-0.5666109183567174
-0.8317364921622799,-0.7289510912604503,-0.3970510466358739,-0.140013640672487
0.6349261710934415,2.0283157155826895e-15,-0.04771072622454569,-1.2133874361360344
-0.08523154379858937,0.5466985491955777,-0.3564520364259087,-0.0333643212514294
-2.236922277317462,-2.406028940251592,-0.04771072622454569,-0.48490377847768135
-1.7099776078842688,-1.9510769705784632,-0.04771072622454569,-0.5666109183567174
-0.08523154379858937,0.5466985491955777,-0.3488987322007989,-0.5218870102124029
0.19580561323244705,0.4574922806322191,-0.38902566089669477,-0.140013640672487
0.1518935574463476,-0.07774533074793252,-0.04771072622454569,-0.4646920122970777
0.6700558157223211,2.0283157155826895e-15,-1.186371338159848,-0.140013640672487
0.4680603591062636,0.6894285788969514,-0.04771072622454569,-0.6190755029106247
0.3978010698485045,0.6091429371899287,0.1047716028198584,-0.3795445717915559
-0.901995781420039,-1.0322524043758696,1.8425036561091817,3.115800864717945
-3.2029875046116496,-2.985869685913423,0.19541125352117597,0.6675969313950378
-0.24331494462854736,-0.20263410673663457,-0.4952440015623013,-0.140013640672487
-1.1654681161366356,-1.1392999266519,-0.8238127353545776,-0.5700512189832031
-0.08523154379858937,0.5466985491955777,0.5881830732268856,-0.8254935404997685
0.3802362475340647,0.6180635640462646,-0.04771072622454569,-0.3958859997673631
-0.08523154379858937,0.5466985491955777,-0.2865839723436431,0.08317586247077467
0.3099769582763056,0.4128891463505398,-0.04771072622454569,-0.606604413139614
-3.6421080624726443,-3.1285997156147967,-0.7360055737376762,-0.2789157784668483
-0.0676667214841496,-0.06882470389159667,-0.47588865948545744,-0.140013640672487
0.13432873513190785,0.5466985491955777,-0.398467291178082,0.016090000254302957
0.5031900037351431,0.5288572954829059,-0.6335638851846245,-0.140013640672487
-0.4980048681879241,-0.4880941661393821,-0.04771072622454569,-0.26128423775610893
-3.0009920479955925,-3.2713297453161707,-0.04771072622454569,-0.5644607304651638
0.0025925677736095124,0.10066720637878468,-1.4238283397367373,-0.140013640672487
0.5207548260495829,0.5823810566209211,-0.9423051953859876,-0.45308099768268834
-0.03253707685527004,-0.006380315897245645,-0.07131480192801382,-0.9648257158724405
-0.08523154379858937,0.5466985491955777,-0.34464999857417467,0.1395107852294785
-3.3786357277560475,-3.5300279241499104,-0.436233812303631,-0.140013640672487
-0.24331494462854736,-0.20263410673663457,-0.5665283101867751,-0.140013640672487
0.511972414892363,0.5645398029082495,-1.209975413863316,-0.9833173317398013
-2.2720519219463418,-2.3614258059699127,4.202439144941924,6.317860672819537
0.5207548260495829,0.7607935937476383,-0.5042135503296192,-0.140013640672487
-0.3574862896724059,-0.5505385541337331,2.6544838603084853,1.1161261255731147
-1.4904173289537714,-1.76374380659541,-0.30593931442048694,-0.37094382022534156
-0.05888431032692971,-0.07774533074793252,-0.360700770052533,-0.6048842628263711
0.6612734045651012,0.653746071471608,-0.3772236230449607,-0.140013640672487
0.09919909050302829,0.03822281838443366,-0.6363963742690407,-0.140013640672487
-0.24331494462854736,-0.20263410673663457,-0.33520836829278744,-0.140013640672487
-3.2029875046116496,-2.985869685913423,0.2591422579205399,0.1395107852294785
-0.023754665698050154,-0.050983450178924944,-0.04771072622454569,-0.6680997868380464
0.5646668818356824,0.6715873251842798,-0.604294831312324,-0.140013640672487
-0.08523154379858937,0.5466985491955777,-0.31490886318780487,-0.04884567407061518
0.6085789376217818,2.0283157155826895e-15,-0.7001273786684046,-0.140013640672487
0.1694583797607874,0.35936538521252465,-0.04771072622454569,-0.8551661334032079
0.4592779479490437,0.5199366686265702,-0.2488174512180941,-0.04540537344412945
0.3275417805907454,0.4128891463505398,-0.5981577716294223,-0.140013640672487
-0.08523154379858937,0.5466985491955777,0.13309649366402013,-0.42297836720093823
-1.0425143599355573,-0.9162842552435034,2.1942043840908565,3.1966479294403594
0.5997965264645619,2.0283157155826895e-15,-0.04771072622454569,-0.4999550937185564
0.3714538363768448,0.5199366686265702,-0.11238589365204835,-0.6521883964405499
-0.08523154379858937,0.5466985491955777,0.17841631901467894,-0.4225483296226275
-0.0676667214841496,-0.06882470389159667,-0.6826603626478382,-0.140013640672487
-0.41018075661572523,-0.21155473359297045,-0.04771072622454569,-0.7089533567775644
-0.08523154379858937,0.5466985491955777,-0.3319037976943019,0.24185972886742893
0.26606490249020615,0.35044475835618877,-0.5018531427592724,-0.3189092732497449
-0.08523154379858937,0.5466985491955777,0.1297919230655346,-0.3911555864059452
-0.9107781925772589,-0.7735542255421296,-0.4324571601910761,-0.140013640672487
-1.1830329384510754,-1.2374268220715945,-0.04771072622454569,-0.5046855070799743
0.5997965264645619,2.0283157155826895e-15,-0.5825790816651334,-0.140013640672487
0.353889014062405,0.5823810566209211,-0.3300154716380244,-0.0024016156130578377
0.5295372372068028,0.6626666983279439,0.5839343396002613,1.4377942341495304
-0.08523154379858937,0.5466985491955777,-0.3404012649475504,-0.1241022502749905
0.43293071447738407,0.5823810566209211,-0.73317308465326,-0.140013640672487
-0.08523154379858937,-0.11342783817327597,-0.5802186740947866,-0.140013640672487
0.6085789376217818,2.0283157155826895e-15,-0.04771072622454569,-0.717124070765468
0.03772221240248907,0.18095284808580742,-1.1807063599910157,-1.4120647973155853
-0.08523154379858937,0.5466985491955777,-0.44331503501467145,-0.010572329600961444
-0.4365279900873849,-0.4880941661393821,-0.04771072622454569,-0.7283050478015467
0.2572824913329863,0.28800037036183773,-0.20019305526894976,-0.3644932565506808
0.3099769582763056,0.5823810566209211,-0.04771072622454569,-0.7145438452956038
-0.3838335231440656,-0.46133228557037453,2.439686771406925,1.2447073614880189
0.7227502826656403,2.0283157155826895e-15,-0.6812441181056301,-0.140013640672487
0.0025925677736095124,0.10066720637878468,-0.04771072622454569,-0.6091846386094782
0.6524909934078813,0.7607935937476383,-0.5844674077214108,-0.140013640672487
-0.11157877727024904,-0.024221569609917365,-0.04771072622454569,-0.5623105425736102
0.7578799272945199,2.0283157155826895e-15,-0.13221331724296156,0.17606397938588936
0.5383196483640227,0.5645398029082495,0.32995448503094427,-0.22172078055152306
-0.0061898433836103765,-0.2918403752999932,-0.5670003917008444,-0.140013640672487
-2.8341262360084145,-2.976949059057087,-0.04771072622454569,-0.4892041542607885
-0.08523154379858937,0.5466985491955777,-0.31490886318780487,0.02082041361572083
0.3099769582763056,0.5823810566209211,1.1485438304272189,1.62959099407611
-3.501589483957126,-3.6013929390005974,0.34506109348116387,0.2177776244820288
0.24850008017576639,0.06498469895344124,-0.3758073785027526,0.07027473512145319
0.3978010698485045,0.6002223103335929,0.5551373672420302,-0.6814309517656786
0.7403151049800801,2.0283157155826895e-15,-0.04771072622454569,-0.4698524632368063
-5.837710851777616,-5.662057742814181,1.518655737457599,2.4819254742879493
0.02015739008804929,0.19879410179847914,-0.06848231284359764,-0.3984662252372274
-0.4980048681879241,-0.4880941661393821,-0.42537593748003566,-0.140013640672487
-0.4980048681879241,-0.6040623152717483,-0.5197922402939081,-0.9162314695233296
0.511972414892363,0.7251110863222949,-0.5570866799053877,-0.140013640672487
-0.0061898433836103765,0.10958783323512054,0.4862134661879033,1.144938643319933
0.4065834810057244,0.48425416120122666,-0.0840610028078866,-0.5902629851638068
0.5031900037351431,0.5288572954829059,-0.6340359666986939,-0.140013640672487
0.6085789376217818,2.0283157155826895e-15,-0.6024065052560466,-0.140013640672487
0.5207548260495829,0.653746071471608,-0.062345253160695925,-0.140013640672487
-2.8341262360084145,-2.976949059057087,-0.04771072622454569,-0.50210528161011
-0.08523154379858937,0.5466985491955777,-0.4031881063187756,-0.06518710204642239
-0.664870680175102,-0.7467923449731221,-0.6670816726835492,-0.140013640672487
0.1606759686035675,0.21663535551115087,-0.6160968691640581,-0.140013640672487
0.20458802438966694,0.26123848979283015,-0.37391905244647516,-0.140013640672487
0.7578799272945199,2.0283157155826895e-15,-0.04771072622454569,-0.4917843797306528
-0.3926159343012855,-0.4702529124267104,2.1748490420140127,3.1317122551154415
0.046504623559708955,0.19879410179847914,-0.04771072622454569,-0.6573488473802785
0.6964030491939807,2.0283157155826895e-15,4.147677689309878,0.44741769129995124
-0.3838335231440656,-0.34536413643800834,2.4996411236937344,1.2958818333069941
0.3099769582763056,0.4128891463505398,-0.5089343654703128,-0.140013640672487
-2.693607657492896,-2.8252984024993775,-0.4848582082527753,-0.140013640672487
-2.3950056781474203,-2.664727119085332,-0.04771072622454569,-0.902040229439076
-3.0975985707250113,-3.3248535064541858,-0.5575587614194571,-0.140013640672487
0.3890186586912846,0.6002223103335929,-0.5740816144118849,-0.140013640672487
-0.08523154379858937,0.5466985491955777,-0.415462225684579,0.04576259315774237
-0.31357423388630645,-0.2829197484436573,-0.5197922402939081,-0.9054805300655617
-1.996889104070735e-15,2.0283157155826895e-15,-0.14731992569318117,-0.47501291417653485
-4.081228620333639,-3.877932371547009,-0.7293964325407051,-0.140013640672487
-3.2029875046116496,-2.985869685913423,0.15197975422679463,0.04189225495294592
0.3099769582763056,0.47533353434489084,-0.04771072622454569,-0.3954559621890524
0.43293071447738407,0.3415241314998529,-0.5641679026164282,-0.26988498932232324
-2.166662988059703,-2.1830132688431956,-0.04771072622454569,-0.5962835112601568
-4.081228620333639,-3.877932371547009,-0.1279645836163373,0.7450036954909668
-2.3598760335185407,-2.611203357947317,1.537066916506304,2.309910442963663
-0.31357423388630645,-0.15803097245495526,-0.5032693873014805,-0.140013640672487
-0.08523154379858937,0.5466985491955777,-0.40082769874842883,0.16488300234981074
0.4856251814207034,2.0283157155826895e-15,-0.7350614107095375,-0.140013640672487
0.6876206380367608,2.0283157155826895e-15,-0.20538595192371276,-0.6190755029106247
-0.08523154379858937,0.5466985491955777,-0.16809151231223313,-0.39631603734567383
-1.5870238516831903,-1.5942518963250287,-0.06801023132952827,-0.3533122795146022
-1.5167645624254311,-1.4426012397673191,-0.41026932902981605,-0.140013640672487
-2.3950056781474203,-2.664727119085332,-0.49288359399195447,-0.5932732482119818
0.5031900037351431,0.591301683477257,-0.5934369564887287,-0.140013640672487
0.2572824913329863,0.0739053258097771,-0.3526753843133538,-0.021753306637040063
-2.9395151698950532,-3.226726611034491,-0.04771072622454569,-0.5455390770194923
0.6349261710934415,2.0283157155826895e-15,-1.4526253120949684,-0.140013640672487
0.7754447496089597,2.0283157155826895e-15,-0.23229459822566642,-0.308158333791977
-3.905580397189241,-3.3337741333105217,-0.33237587920837125,-0.3993263003938488
-1.0864264157216568,-0.9698080163815186,-0.04771072622454569,-0.5820922711759032
0.5383196483640227,0.7072698326096232,-0.2700611193512154,-0.140013640672487
-3.3874181389132674,-3.0750759544767816,-0.04771072622454569,-0.6031641125131283
0.5734492929929023,2.0283157155826895e-15,-0.9578838853502765,-0.140013640672487
-0.4453104012446048,-0.32752288272533664,-0.13504580632737775,0.37603145330037235
0.6173613487790017,0.7697142206039742,-0.2913047874843367,-0.7106735070908073
0.6612734045651012,0.5020954149138984,-0.5160155881813533,-0.140013640672487
-3.4752422504854663,-3.3337741333105217,-0.6378126188112487,-0.140013640672487
-2.342311211204101,-2.1919338956995316,-0.573137451383746,-0.140013640672487
0.7227502826656403,2.0283157155826895e-15,-0.5079902024421741,-0.140013640672487
-2.1403157545880434,-2.3079020448318976,-0.04771072622454569,-0.6556286970670356
-0.6473058578606622,-0.6932685838351069,-0.04771072622454569,-0.542958851549628
-2.3950056781474203,-2.664727119085332,-0.23654333185229068,-0.8482855321502365
-0.08523154379858937,0.5466985491955777,-0.3810002751575156,-0.13829349035924413
0.3714538363768448,0.5110160417702343,-0.04771072622454569,-0.647457983079132
-0.08523154379858937,0.5466985491955777,-0.3366246128349955,0.0814557121575318
0.2924121359618658,0.37720663892519635,-0.37014240033392026,-0.11335131081722259
0.24850008017576639,0.06498469895344124,-0.3309596346661632,0.03974206706139234
0.3275417805907454,0.5466985491955777,-0.09539095914555129,-0.5068356949715278
-0.08523154379858937,0.5466985491955777,0.1836092156694419,-0.4466304340080276
-0.0676667214841496,-0.06882470389159667,-0.49760440913264814,-0.140013640672487
-0.8317364921622799,-0.7289510912604503,-0.44425919804281017,-0.140013640672487
0.0113749789308294,-0.03314219646625323,-0.5183759957517,-0.140013640672487
-0.08523154379858937,0.5466985491955777,-0.31632510773001293,0.17907424243406436
0.1694583797607874,0.145270340660464,-0.04771072622454569,-0.6268161793202176
-1.6309359074692897,-1.647775657463044,-0.04771072622454569,-0.5872527221156317
-4.081228620333639,-3.877932371547009,-0.657640042402162,-0.2174204047684159
0.19580561323244705,0.17203222122947157,-1.3265795478384486,-0.8560262085598294
0.5558844706784625,0.44857165377588326,-0.04771072622454569,-0.7209944089702645
0.3099769582763056,0.5823810566209211,-0.04771072622454569,-0.6453077951875784
-0.7702596140617407,-1.1036174192265564,-0.09161430703299639,0.2225080378434467
-0.0061898433836103765,0.10958783323512054,0.28510674119435486,0.7299523802500917
0.9774402062250171,2.0283157155826895e-15,2.08090482071421,2.5920150943354927
-0.08523154379858937,0.5466985491955777,-0.3366246128349955,-0.016162818119000753
0.4241483033201642,0.4396510269195474,-0.04771072622454569,-0.42082817930938465
-0.506787279345144,-0.47917353928304623,1.477112564219495,2.0222153030737937
0.4153658921629443,0.5466985491955777,-0.4735282519151106,-0.140013640672487
0.3714538363768448,0.5110160417702343,-0.1104975675957709,-0.6332667429948784
0.5031900037351431,0.591301683477257,-0.5835232446932721,-0.140013640672487
0.4856251814207034,0.23447660922382257,-0.7652746276099767,0.3906527309629367
0.5031900037351431,0.5288572954829059,-0.3871373348404173,-0.140013640672487
0.5822317041501222,0.5110160417702343,-0.04771072622454569,-0.5713413317181353
-0.08523154379858937,0.5466985491955777,-0.41971095931120334,0.25863119442154686
-1.6748479632553892,-2.031362612285486,-0.04771072622454569,-0.4831836281644385
-3.492807072799906,-3.619234192713269,0.06417259260989322,-0.2539735989248268
-0.25209735578576725,-0.21155473359297045,-0.04771072622454569,-0.8715075613790151
-2.3950056781474203,-2.664727119085332,-0.7265639434562889,-0.140013640672487
-0.2081852999996678,-0.13126909188594768,2.5713975138322773,3.8881483553639904
-0.08523154379858937,0.5466985491955777,-0.3031068253360708,0.03974206706139234
-0.08523154379858937,0.5466985491955777,-0.3356804498068568,-0.08023841728729746
-3.2029875046116496,-2.985869685913423,-0.6604725314865781,-0.140013640672487
0.046504623559708955,0.17203222122947157,-0.04771072622454569,-0.4221182920443168
-0.014972254540830265,0.09174657952244882,-0.4182947147689952,-0.140013640672487
-0.014972254540830265,0.011460937815426077,0.48290889558941774,-0.24494280978030172
0.6349261710934415,2.0283157155826895e-15,-0.2738377714637703,-0.16796608326268356
0.046504623559708955,0.08282595266611296,3.02081911522631,1.2941616829937512
-0.08523154379858937,0.5466985491955777,-0.43812213835990843,0.12230928209704985
-2.5882187236062575,-2.5844414773783093,-0.49854857216078685,-0.140013640672487
0.4241483033201642,0.4128891463505398,-0.04771072622454569,-0.5666109183567174
-0.08523154379858937,0.5466985491955777,-0.4735282519151106,-0.06518710204642239
-0.6033938020745628,-0.5505385541337331,1.6498943983688816,0.7024299752382059
-0.4189631677729451,-0.497014792995718,-0.04771072622454569,-0.5463991521761138
-0.6297410355462225,-0.497014792995718,0.5334216175948395,1.4687569397879021
0.6085789376217818,2.0283157155826895e-15,-0.04771072622454569,-0.7227145592835074
-0.08523154379858937,0.5466985491955777,-0.561335413532012,-0.19290826280470508
0.0904166793458084,0.26123848979283015,-0.5405638269129601,-0.140013640672487
-0.4980048681879241,-0.4880941661393821,-0.04771072622454569,-0.4922144173089635
-2.3686584446757606,-2.3079020448318976,-0.2464570436477473,0.14897161195231423
-0.3047918227290866,-0.2650784947309856,-0.182253957734314,-0.9450439872701476
-2.2720519219463418,-2.3614258059699127,-0.4867465343090528,-0.140013640672487
-0.0061898433836103765,0.10958783323512054,0.6047059262193132,-0.015732780540690036
-0.0676667214841496,-0.06882470389159667,-0.513183099096937,-0.140013640672487
-0.08523154379858937,0.5466985491955777,-0.3994114542062207,0.22594833846993242
0.5471020595212426,0.6715873251842798,-0.09633512217369002,-0.140013640672487
-0.8317364921622799,-0.7289510912604503,-0.4079089214594692,-0.140013640672487
0.7842271607661796,2.0283157155826895e-15,-0.04771072622454569,-0.6298264423683927
0.5997965264645619,0.7429523400349667,-0.5670003917008444,-0.140013640672487
-0.07644913264136949,-0.07774533074793252,1.091421967224826,0.2521806307468861
0.3890186586912846,0.6894285788969514,-0.5179039142376307,-0.40276660102033457
0.21337043554688684,0.3058416240745095,-0.04771072622454569,-1.00653936096858
0.20458802438966694,0.1898734749421433,-0.5183759957517,-0.2337618327442231
0.1694583797607874,0.28800037036183773,-0.4914673494497464,-0.140013640672487
0.6964030491939807,0.5110160417702343,-0.09019806249078831,0.5845996787810697
-1.1479032938221958,-1.3623155980602963,0.46119314594222705,-0.22645119391294094
-0.08523154379858937,0.5466985491955777,-0.4272642635363131,0.36528051384260446
-3.2029875046116496,-3.2534884916034987,-0.4376500568458391,-0.41050727742992743
0.3890186586912846,0.591301683477257,-0.29460935808282224,0.17391379149433578
-0.13792601074190872,-0.14018971874228356,-0.04771072622454569,-0.6917518536451358
-0.8317364921622799,-0.7289510912604503,-1.0235032158059179,-0.9751466177518977
-2.974644814523933,-3.1285997156147967,-0.04771072622454569,-0.6315465926816355
0.22215284670410673,0.39504789263786805,-0.5500054571943473,-0.140013640672487
0.43293071447738407,0.6448254446152721,-0.4716399258588332,-0.140013640672487
0.5207548260495829,0.7607935937476383,-0.6694420802538961,-0.140013640672487
-0.2257501223141076,-0.1491103455986194,-0.5089343654703128,-0.140013640672487
-0.18183806652800816,-0.30076100215632906,1.4176302934467555,2.5692231026850245
0.19580561323244705,0.4574922806322191,-0.32387841195512274,-0.140013640672487
-0.08523154379858937,0.5466985491955777,0.24734022006880585,-0.43716960728519183
0.1694583797607874,0.145270340660464,-0.5150714251532146,-0.140013640672487
-0.0061898433836103765,0.10958783323512054,0.01460403363261016,0.4555884052878548
-1.2708570500232743,-1.389077478629304,-0.04771072622454569,-1.005249248233648
0.4504955367918238,0.4396510269195474,-0.5665283101867751,-0.140013640672487
-3.2029875046116496,-3.2088853573218197,-0.26958903783714605,-0.35718261771939863
-0.26966217810020704,-0.2739991215873215,1.5111024332324892,0.45601844286616555
0.1694583797607874,0.145270340660464,-0.6987111341261966,-0.140013640672487
0.6612734045651012,0.7786348474603101,7.673654517893946,1.6450723468952957
0.6437085822506614,2.0283157155826895e-15,0.4238987063307474,-0.4255585926708025
0.5471020595212426,0.7429523400349667,-0.5150714251532146,-0.140013640672487
-0.08523154379858937,0.5466985491955777,-0.5141272621250758,-0.10303040893776541
-0.2872270004146468,-0.6129829421280841,2.4817020261590983,1.258468563993962
-0.12036118842746893,-0.31860225586900076,-0.6496146566629828,-0.140013640672487
-0.08523154379858937,0.5466985491955777,-0.33709669434906486,0.10897811716941765
0.511972414892363,0.7251110863222949,-0.04771072622454569,-0.36965370749040943
0.836921627709499,2.0283157155826895e-15,1.0390209191631268,2.5137482550829424
0.19580561323244705,0.4574922806322191,-0.6675537541976186,-0.140013640672487
0.6173613487790017,2.0283157155826895e-15,-0.04771072622454569,-0.45308099768268834
-0.08523154379858937,0.5466985491955777,-0.3517312212852151,0.10596785412124263
1.0389170843255564,2.0283157155826895e-15,2.8636159710412126,1.0666718040673824
0.4065834810057244,0.6002223103335929,-0.42632010050817437,0.24357987918067178
0.1694583797607874,0.145270340660464,-0.415462225684579,-0.140013640672487
-2.8341262360084145,-2.976949059057087,-0.04771072622454569,-0.5322079120918601
-0.08523154379858937,0.5466985491955777,-0.3262388195254695,-0.050135786805547325
0.4592779479490437,0.7429523400349667,-0.39799520966401264,-0.140013640672487
0.14311114628912772,-0.13126909188594768,0.08211169014452899,1.214174693427958
-0.08523154379858937,0.5466985491955777,-0.4334013232192148,-0.0974399204197261
-1.1039912380360966,-1.1392999266519,-0.5518937832506248,-0.140013640672487
0.09919909050302829,0.17203222122947157,-0.04771072622454569,-0.8457053066803721
0.1694583797607874,0.3147622509308453,-0.04771072622454569,-0.5494094152242888
-0.08523154379858937,0.5466985491955777,-0.3328479607224406,0.20745672260257164
-1.996889104070735e-15,2.0283157155826895e-15,4.293556358510272e-16,0.0
-0.0061898433836103765,0.10958783323512054,-0.05668027499186357,0.33861818398734006
0.5031900037351431,0.5288572954829059,-0.3857210902982092,-0.140013640672487
-0.09401395495580926,-0.23831661416197802,0.741137483785359,0.17821416727744294
-0.5506993351312435,-0.5416179272773973,-0.04771072622454569,-0.5128562210678779
-0.08523154379858937,0.5466985491955777,0.27849759999738377,-0.3554624674061558
0.24850008017576639,0.06498469895344124,0.32051285474955704,-0.3700837450687201
-2.2720519219463418,-2.3614258059699127,-0.46550286617593145,-0.35245220435798075
0.3099769582763056,0.2969209972181736,-0.5580308429335266,-0.140013640672487
-0.08523154379858937,0.5466985491955777,-0.31821343378629036,0.13521040944637133
0.5646668818356824,0.5288572954829059,-0.04771072622454569,-0.4526509601043776
-0.6033938020745628,-0.5505385541337331,1.664528925305032,0.7174812904790809
-0.08523154379858937,0.5466985491955777,-0.3337921237505793,-0.0789483045523653
-0.08523154379858937,0.5466985491955777,-0.34748248765859086,-0.23548198305746598
0.6349261710934415,2.0283157155826895e-15,-0.415462225684579,-0.140013640672487
-0.12036118842746893,-0.175872226167627,-0.04771072622454569,-0.7996912858011256
-3.2029875046116496,-2.985869685913423,1.6942700606914018,2.412689424179924
0.4504955367918238,0.6894285788969514,0.3153199580947941,-0.3554624674061558
0.05528703471692884,0.15419096751679984,-0.6802999550774914,-0.8332342169093614
-0.08523154379858937,0.5466985491955777,0.05756345141292214,-0.43716960728519183
-2.0261444095441847,-2.1830132688431956,-0.19169558801570125,0.20315634681946448
0.05528703471692884,0.1898734749421433,-0.5665283101867751,-0.140013640672487
-0.08523154379858937,0.5466985491955777,-0.3158530262159436,0.028561090025313724
0.02015739008804929,0.11850846009145641,-0.7062644383513064,-0.140013640672487
-0.08523154379858937,0.5466985491955777,-0.34748248765859086,-0.06475706446811168
0.6349261710934415,2.0283157155826895e-15,-0.04771072622454569,-0.5115661083329457
-0.08523154379858937,0.5466985491955777,-0.17375649048106545,-0.4754429517548456
-2.2193574550030224,-2.548758969952966,-0.5179039142376307,-0.140013640672487
-3.2029875046116496,-2.985869685913423,-0.4324571601910761,-0.140013640672487
-4.169052731905838,-4.395328729214489,5.305221561807955,15.539586502114533
-0.08523154379858937,0.5466985491955777,-0.5164876696954226,-0.18645769913004434
0.23093525786132663,0.27015911664916603,-0.3805281936434462,0.0014687225917386073
0.678838226879541,2.0283157155826895e-15,-1.0112290964401145,-1.0379321041852623
0.7315326938228602,0.5823810566209211,-0.44284295350060204,-0.140013640672487
0.5471020595212426,0.7697142206039742,2.442991342005411,0.9806642884052392
0.5734492929929023,2.0283157155826895e-15,-0.46078205103523784,-0.140013640672487
-1.1654681161366356,-1.1392999266519,-0.04771072622454569,-0.7373358369460717
-0.9898198929922379,-0.7913954792548014,-0.6448938415222892,-0.140013640672487
0.5558844706784625,0.47533353434489084,-0.43953838290211655,-0.140013640672487
0.046504623559708955,0.03822281838443366,-0.04771072622454569,-0.4814634778511956
-0.4980048681879241,-0.4880941661393821,-0.5145993436391452,-0.140013640672487
0.5558844706784625,0.44857165377588326,-0.04771072622454569,-0.7145438452956038
0.49440759257792327,0.5645398029082495,-0.7723558503210171,-0.15721514380491564
-1.0425143599355573,-0.943046135812511,-0.04771072622454569,-0.6336967805731891
0.511972414892363,0.5645398029082495,-1.4535694751231072,-1.3441188599424923
-2.8341262360084145,-2.976949059057087,-0.04771072622454569,-0.5795120457060389
0.5734492929929023,2.0283157155826895e-15,-0.9328635651046003,-0.45308099768268834
0.7403151049800801,2.0283157155826895e-15,2.4203314293300813,1.3208240128490156
-0.11157877727024904,-0.024221569609917365,-0.5155435066672839,-0.140013640672487
-4.081228620333639,-3.877932371547009,-0.37911194910123813,-0.140013640672487
-0.08523154379858937,0.5466985491955777,0.21004578045732622,-0.3988962628155381
-0.08523154379858937,0.5466985491955777,-0.42820842656445185,0.010929549314574362
0.2924121359618658,0.3415241314998529,-0.04771072622454569,-0.8297939162828757
-0.0061898433836103765,-0.2918403752999932,-0.6321476406424165,-0.140013640672487
-2.8341262360084145,-2.976949059057087,-0.04771072622454569,-0.49307449246558493
-0.08523154379858937,0.5466985491955777,0.05237055475815915,-0.40835708953837385
0.6876206380367608,0.6983492057532873,-0.27714234206225585,-0.6745503505127072
-3.914362808346461,-3.556789804718918,0.32712199594652813,0.2014361965062216
0.3011945471190857,0.48425416120122666,-0.3234063304410534,-0.8469954194153043
0.3363241917479653,0.3236828777871812,-0.04771072622454569,-0.7111035446691181
-0.4980048681879241,-0.4880941661393821,-0.04771072622454569,-0.33396058849062
-1.305986694652154,-1.2731093294969378,4.454530673454964,2.797143019189704
-0.08523154379858937,0.5466985491955777,-0.2828073202310882,-0.11335131081722259
-1.4728525066393319,-1.5139662546180062,-0.04771072622454569,-0.6896016657535822
0.3011945471190857,0.49317478805756254,-0.7473355300753408,-0.140013640672487
-0.08523154379858937,0.5466985491955777,-0.2974418471672384,-0.054006125010343776
-0.08523154379858937,0.5466985491955777,-0.2842235647732963,0.008349323844710065
-0.6033938020745628,-0.5237766735647256,-0.4400104644161859,-0.140013640672487
-1.305986694652154,-1.2731093294969378,3.232783715043454,4.731882084009616
0.2572824913329863,0.0739053258097771,0.07361422289128047,-0.4225483296226275
-1.60458867399763,-1.710220045457395,-0.04771072622454569,-0.412657465321481
0.3451066029051852,0.5020954149138984,-0.3833606827278624,-0.3266499496593378
-0.08523154379858937,0.5466985491955777,-0.3592845255103249,-0.0011115028781256895
0.18702320207522719,0.4128891463505398,-0.47966531159801234,-0.140013640672487
-3.17664027113999,-3.396218521304873,-0.32104592287070655,-0.22129074297321236
0.3011945471190857,0.4574922806322191,-0.5707770438133993,-0.22559111875631951
-3.3786357277560475,-3.5300279241499104,-0.5844674077214108,-0.140013640672487
-0.0676667214841496,-0.06882470389159667,-0.04771072622454569,-0.467272237766942
-0.08523154379858937,0.5466985491955777,0.22940112253417008,-0.47974332753795274
-3.4488950170138066,-3.396218521304873,0.2001320686618696,-0.5244672356822672
-2.6672604240212365,-2.611203357947317,-0.6883253408166705,-0.21785044234672662
0.5031900037351431,0.5288572954829059,-0.47211200737290254,-0.140013640672487
-1.1742505272938555,-1.1125380460828924,-0.43812213835990843,-0.140013640672487
-3.3786357277560475,-3.565710431575254,-0.9899854283069932,-0.140013640672487
0.3099769582763056,0.5823810566209211,-1.0428585578827618,-0.6969123045848644
0.0025925677736095124,0.10066720637878468,-0.4348175677614229,-0.140013640672487
0.3978010698485045,0.5734604297645853,0.2440356494703203,0.615992421997752
-1.9383202979719858,-0.20263410673663457,-1.3369653411479745,-1.3441188599424923
0.5031900037351431,0.591301683477257,-0.4069647584313305,-0.140013640672487
-2.640913190549577,-2.9055840442064005,-0.04771072622454569,-0.5881127972722532
-1.7978017194564677,-2.0492038659981575,-0.7388380628220923,-0.36836359475547725
0.19580561323244705,0.2790797435055019,-0.04771072622454569,-0.4513608473694455
0.26606490249020615,0.35044475835618877,-0.20774635949405956,-0.37438412085182726
0.4241483033201642,0.4128891463505398,5.130079320088222,2.4647239711555207
-2.236922277317462,-2.1740926419868596,-0.5778582665244397,-0.1481843546603906
-0.6297410355462225,-0.6754273301224352,-0.3092438850189725,-0.20322916468416227
-3.6948025294159637,-3.806567356696322,0.47724391742058536,-0.9678359789206156
0.4241483033201642,0.5199366686265702,-0.04771072622454569,-0.6870214402837179
-0.08523154379858937,0.5466985491955777,-0.4300967526207293,0.22938863909641816
-3.3786357277560475,-3.5300279241499104,-0.815315268101329,-0.36019288076757366
0.5734492929929023,2.0283157155826895e-15,0.8398025202258558,2.822945273888347
-0.9195606037344788,-0.9252048820998393,-0.04771072622454569,-0.6164952774407605
0.08163426818858852,0.11850846009145641,-0.7190106392311791,-0.140013640672487
-3.4664598393282464,-3.6459960732822765,-0.1331574802711003,-0.3614829935025058
0.5558844706784625,0.44857165377588326,-0.04771072622454569,-0.7145438452956038
-1.0249495376211175,-0.9519667626688468,2.0459707886730767,3.1192411653444307
-0.4540928124018247,-0.3988878975760235,2.5185243842565086,1.3126532988611121
-0.2169677111568877,-0.15803097245495526,-0.6038227497982547,-0.140013640672487
0.4153658921629443,0.6269841909026005,-0.2398479024507762,-0.3219195362979199
-2.8341262360084145,-2.976949059057087,-0.04771072622454569,-0.50812580770646
0.4153658921629443,0.6448254446152721,-0.42159928536748076,-0.140013640672487
-0.8317364921622799,-0.7289510912604503,-0.4277363450503825,-0.140013640672487
0.3363241917479653,0.39504789263786805,-0.34464999857417467,0.014799887519370808
0.2572824913329863,0.4039685194942039,-0.6699141617679654,-0.140013640672487
0.046504623559708955,0.17203222122947157,0.32145701777769575,-0.3567525801410879
-0.0061898433836103765,0.10958783323512054,0.9734015887074853,0.19498563283156087
0.6700558157223211,0.6448254446152721,-0.9574118038362072,-0.5700512189832031
0.353889014062405,0.5466985491955777,-0.04771072622454569,-0.797541097909572
0.6085789376217818,2.0283157155826895e-15,-0.04771072622454569,-0.7188442210787109
-0.08523154379858937,0.5466985491955777,-0.393274394523319,-0.03293428367311868
-0.03253707685527004,-0.2204753604493063,3.7714287225965966,2.2376641298074627
-0.08523154379858937,0.5466985491955777,0.14159396091726867,-0.38427498515297376
-2.3950056781474203,-2.664727119085332,-0.7586654864130056,-0.140013640672487
0.3011945471190857,0.39504789263786805,-0.6005181791997691,-0.140013640672487
-4.081228620333639,-3.877932371547009,0.13545690123436696,-0.6457378327658891
-1.4816349177965515,-1.4069187323419758,2.145579988141712,2.5330999461069243
-4.081228620333639,-3.877932371547009,-0.3526753843133538,-0.4440502085381633
0.591014115307342,0.653746071471608,-0.6571679608880926,-0.140013640672487
0.511972414892363,0.7340317131786308,-0.24173622850705365,-0.6663796365248036
-2.3950056781474203,-2.664727119085332,-0.73317308465326,-0.140013640672487
0.7227502826656403,2.0283157155826895e-15,0.5121779494617182,-0.08668898096195819
0.591014115307342,0.653746071471608,-0.6892695038448092,-0.140013640672487
0.6964030491939807,0.7429523400349667,-0.9408889508437794,-0.5700512189832031
0.5031900037351431,0.5288572954829059,4.252951866947346,6.28990823022934
-3.905580397189241,-4.15447180409342,0.1047716028198584,-0.0011115028781256895
0.19580561323244705,0.4574922806322191,-0.49571608307637066,-0.140013640672487
-1.996889104070735e-15,2.0283157155826895e-15,4.293556358510272e-16,0.0
-0.0061898433836103765,-0.2918403752999932,0.7312237719899024,1.3449061172344159
0.3978010698485045,0.5020954149138984,-0.38288860121379303,-0.07550800392587959
-1.0425143599355573,-1.0500936580885414,-0.04771072622454569,-0.5524196782724637
0.5822317041501222,2.0283157155826895e-15,-0.6496146566629828,-0.140013640672487
0.6700558157223211,2.0283157155826895e-15,-0.04771072622454569,-0.14259386614235128
-0.13792601074190872,0.0025403109590902153,-0.04771072622454569,-0.6177853901756926
-0.08523154379858937,0.5466985491955777,-0.3805281936434462,0.18423469337379297
-1.996889104070735e-15,2.0283157155826895e-15,-0.9385285432734326,-0.5700512189832031
-1.464070095482112,-1.4515218666236551,-0.6359242927549713,-0.140013640672487
1.0564819066399962,2.0283157155826895e-15,2.7083011529123926,1.4132820921858196
-2.7638669467506554,-2.985869685913423,-0.16525902322781694,-0.2470929976718553
0.353889014062405,0.5823810566209211,-0.04771072622454569,-0.6728302001994643
0.3099769582763056,0.5823810566209211,-0.34748248765859086,-0.015302742962379321
0.5383196483640227,0.7072698326096232,0.24073107887183479,-0.30084769496069486
0.046504623559708955,0.1363497138041281,-0.6113760540233645,-0.140013640672487
-0.25209735578576725,-0.21155473359297045,-0.04771072622454569,-0.6014439621998854
-2.2720519219463418,-2.3614258059699127,-0.48627445279498344,-0.206669465310648
0.3363241917479653,0.3236828777871812,-0.4754165779713881,-0.140013640672487
0.5734492929929023,2.0283157155826895e-15,-0.44661960561315694,-0.140013640672487
-0.08523154379858937,0.5466985491955777,-0.3621170145947411,0.015229925097681523
0.7490975161373,2.0283157155826895e-15,-0.5698328807852606,-0.140013640672487
-2.3950056781474203,-2.664727119085332,-0.26770071178086857,-0.66422944863325
0.3363241917479653,0.3236828777871812,2.741818940411317,0.9527118458150426
-1.218162583079955,-1.1839030609335792,-0.8535538707409475,-0.140013640672487
0.5734492929929023,2.0283157155826895e-15,-0.6609446130006476,-0.140013640672487
-0.08523154379858937,0.5466985491955777,-0.338512938891273,0.2504604804336432
0.3099769582763056,0.47533353434489084,-0.5400917453988907,-0.140013640672487
-0.08523154379858937,0.5466985491955777,0.27849759999738377,-0.4272787429840454
-3.3786357277560475,-3.583551685287926,-0.2568428369572733,0.6964094491418559
0.4504955367918238,0.6805079520406156,-0.5448125605395844,-0.209679728358823
0.6964030491939807,0.716190459465959,3.542469188272956,1.883743202857743
0.7490975161373,2.0283157155826895e-15,-0.5707770438133993,-0.140013640672487
0.7490975161373,2.0283157155826895e-15,-0.571721206841538,-0.140013640672487
0.3451066029051852,0.4128891463505398,-0.5433963159973763,-0.19462841311794796
0.353889014062405,0.44857165377588326,-0.4050764323750531,0.1395107852294785
-0.9634726595205783,-0.9965698969505261,-0.04771072622454569,-0.4973748682486921
-0.2257501223141076,-0.08666595760426839,-0.6293151515580002,-0.140013640672487
-3.4488950170138066,-3.396218521304873,-0.6463100860644972,-0.140013640672487
0.6085789376217818,0.7429523400349667,0.567883568121903,-0.406636939225131
0.5734492929929023,2.0283157155826895e-15,1.6560314580517834,0.3988234449508403
-3.6245432401582045,-3.628154819569605,0.152451835740864,0.06468424660341388
0.11676391281746806,0.24339723608015845,-0.7062644383513064,-0.140013640672487
-4.081228620333639,-3.877932371547009,-0.9644930265472476,-0.4122274277431703
-0.7263475582756412,-0.818157359823809,-0.04771072622454569,-0.606604413139614
-0.07644913264136949,0.020381564671761936,-0.008527960556788602,-0.5365082878749673
0.3275417805907454,0.6091429371899287,-0.04771072622454569,-0.6255260665852855
0.3275417805907454,0.6091429371899287,-0.04771072622454569,-0.6255260665852855
0.3802362475340647,0.6180635640462646,-0.04771072622454569,-0.3958859997673631
0.3802362475340647,0.6180635640462646,-0.04771072622454569,-0.3958859997673631
-0.12036118842746893,-0.18479285302396287,-1.083457568092727,-0.140013640672487
-0.12036118842746893,-0.18479285302396287,-1.083457568092727,-0.140013640672487
0.3011945471190857,0.5110160417702343,-0.5632237395882895,-0.140013640672487
0.3011945471190857,0.5110160417702343,-0.5632237395882895,-0.140013640672487
0.3275417805907454,0.6091429371899287,-0.04771072622454569,-0.49307449246558493
0.3275417805907454,0.6091429371899287,-0.04771072622454569,-0.49307449246558493
0.4065834810057244,0.6091429371899287,9.209807764675652,5.9665199713396815
0.4065834810057244,0.6091429371899287,9.209807764675652,5.9665199713396815
0.6261437599362216,2.0283157155826895e-15,-0.04771072622454569,-0.46942242565849557
0.6261437599362216,2.0283157155826895e-15,-0.04771072622454569,-0.46942242565849557
0.3011945471190857,0.5110160417702343,-0.5542541908209716,-0.140013640672487
0.3011945471190857,0.5110160417702343,-0.5542541908209716,-0.140013640672487
0.4065834810057244,0.6091429371899287,-0.5754978589540929,-0.140013640672487
0.4065834810057244,0.6091429371899287,-0.5754978589540929,-0.140013640672487
0.907180916967258,2.0283157155826895e-15,2.5303264221082427,4.057153123640102
0.907180916967258,2.0283157155826895e-15,2.5303264221082427,4.057153123640102
0.6085789376217818,0.7429523400349667,3.2280628999027603,1.2348164971868725
0.6085789376217818,0.7429523400349667,3.2280628999027603,1.2348164971868725
0.4856251814207034,0.6002223103335929,-0.7128735795482773,-0.140013640672487
0.4856251814207034,0.6002223103335929,-0.7128735795482773,-0.140013640672487
0.3802362475340647,0.6180635640462646,-0.04771072622454569,-0.4526509601043776
0.3802362475340647,0.6180635640462646,-0.04771072622454569,-0.4526509601043776
0.6700558157223211,2.0283157155826895e-15,0.870015737126295,1.3388855911380657
0.6700558157223211,2.0283157155826895e-15,0.870015737126295,1.3388855911380657
0.7403151049800801,2.0283157155826895e-15,-0.31632510773001293,-0.39502592461074165
0.7403151049800801,2.0283157155826895e-15,-0.31632510773001293,-0.39502592461074165
0.6700558157223211,2.0283157155826895e-15,0.6622998709357755,1.040009474212118
0.6700558157223211,2.0283157155826895e-15,0.6622998709357755,1.040009474212118
0.4065834810057244,0.6091429371899287,-0.04771072622454569,-0.5162965216943636
0.4065834810057244,0.6091429371899287,-0.04771072622454569,-0.5162965216943636
0.3275417805907454,0.6091429371899287,-0.5112947730406596,-0.140013640672487
0.3275417805907454,0.6091429371899287,-0.5112947730406596,-0.140013640672487
0.3363241917479653,0.5288572954829059,0.9294980078990346,2.0996220671697228
0.3363241917479653,0.5288572954829059,0.9294980078990346,2.0996220671697228
0.678838226879541,2.0283157155826895e-15,-0.04771072622454569,-0.1877478118649765
0.6612734045651012,2.0283157155826895e-15,-0.04771072622454569,-0.1877478118649765
0.678838226879541,2.0283157155826895e-15,-0.04771072622454569,-0.1877478118649765
0.6612734045651012,2.0283157155826895e-15,-0.04771072622454569,-0.1877478118649765
0.3363241917479653,0.5288572954829059,1.4492597548894026,0.34119840945720437
0.3363241917479653,0.5288572954829059,1.4492597548894026,0.34119840945720437
1.0125698508538967,2.0283157155826895e-15,-0.04771072622454569,-0.9054805300655617
1.0125698508538967,2.0283157155826895e-15,-0.04771072622454569,-0.9054805300655617
0.4153658921629443,0.591301683477257,2.0851535543408337,1.7891349356293855
0.4153658921629443,0.591301683477257,2.0851535543408337,1.7891349356293855
0.1606759686035675,0.1363497138041281,-0.04771072622454569,-0.5420987763930066
0.1606759686035675,0.1363497138041281,-0.04771072622454569,-0.5420987763930066
0.3187593694335255,0.37720663892519635,-0.3833606827278624,-0.140013640672487
0.3187593694335255,0.37720663892519635,-0.3833606827278624,-0.140013640672487
0.8105743942378393,2.0283157155826895e-15,-0.5844674077214108,-0.140013640672487
0.8105743942378393,2.0283157155826895e-15,-0.5844674077214108,-0.140013640672487
0.3275417805907454,0.3147622509308453,-0.4296246711066599,-0.140013640672487
0.3275417805907454,0.3147622509308453,-0.4296246711066599,-0.140013640672487
0.6085789376217818,0.7429523400349667,-0.6241222549032373,-0.140013640672487
0.6085789376217818,0.7429523400349667,-0.6241222549032373,-0.140013640672487
0.7490975161373,2.0283157155826895e-15,3.85781963967129,1.6919464429311637
0.7490975161373,2.0283157155826895e-15,3.85781963967129,1.6919464429311637
0.5997965264645619,0.7697142206039742,-0.22096464188800172,-0.2410724715755053
0.5997965264645619,0.7697142206039742,-0.22096464188800172,-0.2410724715755053
0.4856251814207034,0.6002223103335929,-0.690213666872948,-0.140013640672487
0.4856251814207034,0.6002223103335929,-0.690213666872948,-0.140013640672487
0.3275417805907454,0.6091429371899287,-0.04771072622454569,-0.5537097910073959
0.3275417805907454,0.6091429371899287,-0.04771072622454569,-0.5537097910073959
0.4856251814207034,0.6002223103335929,-0.6864370147603931,-0.140013640672487
0.4856251814207034,0.6002223103335929,-0.6864370147603931,-0.140013640672487
0.678838226879541,2.0283157155826895e-15,-0.0576244380200023,-0.140013640672487
0.6612734045651012,2.0283157155826895e-15,-0.0576244380200023,-0.140013640672487
0.678838226879541,2.0283157155826895e-15,-0.0576244380200023,-0.140013640672487
0.6612734045651012,2.0283157155826895e-15,-0.0576244380200023,-0.140013640672487
0.6261437599362216,2.0283157155826895e-15,-0.7161781501467629,-0.140013640672487
0.6261437599362216,2.0283157155826895e-15,-0.7161781501467629,-0.140013640672487
0.3275417805907454,0.6091429371899287,-0.04771072622454569,-0.5532797534290852
0.3275417805907454,0.6091429371899287,-0.04771072622454569,-0.5532797534290852
0.678838226879541,2.0283157155826895e-15,0.4045433642539036,-0.34084118974359146
0.678838226879541,2.0283157155826895e-15,0.4045433642539036,-0.34084118974359146
0.3011945471190857,0.3415241314998529,-0.5103506100125209,-0.18129724819031576
0.3011945471190857,0.3415241314998529,-0.5103506100125209,-0.18129724819031576
0.4153658921629443,0.591301683477257,1.6791634522411822,2.204981273855848
0.4153658921629443,0.591301683477257,1.6791634522411822,2.204981273855848
1.0125698508538967,2.0283157155826895e-15,-0.31490886318780487,-0.140013640672487
1.0125698508538967,2.0283157155826895e-15,-0.31490886318780487,-0.140013640672487
0.4153658921629443,0.5377779223392418,-0.2700611193512154,-0.34686171583994146
0.4153658921629443,0.5377779223392418,-0.2700611193512154,-0.34686171583994146
0.27484731364742604,0.35936538521252465,2.215448052223978,3.4151070192222033
0.27484731364742604,0.35936538521252465,2.215448052223978,3.4151070192222033
0.4065834810057244,0.6091429371899287,-0.04771072622454569,-0.5236071605256458
0.4065834810057244,0.6091429371899287,-0.04771072622454569,-0.5236071605256458
0.678838226879541,2.0283157155826895e-15,-0.057152356505932936,-0.140013640672487
0.6612734045651012,2.0283157155826895e-15,-0.057152356505932936,-0.140013640672487
0.678838226879541,2.0283157155826895e-15,-0.057152356505932936,-0.140013640672487
0.6612734045651012,2.0283157155826895e-15,-0.057152356505932936,-0.140013640672487
0.678838226879541,2.0283157155826895e-15,-0.060456927104418474,-0.140013640672487
0.6612734045651012,2.0283157155826895e-15,-0.060456927104418474,-0.140013640672487
0.678838226879541,2.0283157155826895e-15,-0.060456927104418474,-0.140013640672487
0.6612734045651012,2.0283157155826895e-15,-0.060456927104418474,-0.140013640672487
0.3187593694335255,0.37720663892519635,-0.04771072622454569,-0.41437761563472386
0.3187593694335255,0.37720663892519635,-0.04771072622454569,-0.41437761563472386
0.4065834810057244,0.6091429371899287,-0.04771072622454569,-0.5339280624051029
0.4065834810057244,0.6091429371899287,-0.04771072622454569,-0.5339280624051029
0.5997965264645619,0.7697142206039742,-0.2738377714637703,-0.28321615424995544
0.5997965264645619,0.7697142206039742,-0.2738377714637703,-0.28321615424995544
0.8105743942378393,2.0283157155826895e-15,-0.5467008865958618,-0.140013640672487
0.8105743942378393,2.0283157155826895e-15,-0.5467008865958618,-0.140013640672487
0.5997965264645619,0.7697142206039742,-0.5688887177571218,-0.140013640672487
0.5997965264645619,0.7697142206039742,-0.5688887177571218,-0.140013640672487
0.4153658921629443,0.591301683477257,2.2027018513441052,1.2472875869578832
0.4153658921629443,0.591301683477257,2.2027018513441052,1.2472875869578832
0.678838226879541,2.0283157155826895e-15,-0.04771072622454569,-0.2888066427679948
0.6612734045651012,2.0283157155826895e-15,-0.04771072622454569,-0.2888066427679948
0.678838226879541,2.0283157155826895e-15,-0.04771072622454569,-0.2888066427679948
0.6612734045651012,2.0283157155826895e-15,-0.04771072622454569,-0.2888066427679948
0.9510929727533575,2.0283157155826895e-15,0.6792948054422725,-0.12152202480512621
0.9510929727533575,2.0283157155826895e-15,0.6792948054422725,-0.12152202480512621
0.4065834810057244,0.6091429371899287,-0.04771072622454569,-0.5343580999834137
0.4065834810057244,0.6091429371899287,-0.04771072622454569,-0.5343580999834137
0.4153658921629443,0.5377779223392418,-0.247401206675886,-0.3313803630207557
0.4153658921629443,0.5377779223392418,-0.247401206675886,-0.3313803630207557
0.3275417805907454,0.4574922806322191,-0.3602286885384636,-0.140013640672487
0.3275417805907454,0.4574922806322191,-0.3602286885384636,-0.140013640672487
1.0125698508538967,2.0283157155826895e-15,-0.23559916882415194,-0.1666759705277514
1.0125698508538967,2.0283157155826895e-15,-0.23559916882415194,-0.1666759705277514
0.3275417805907454,0.3147622509308453,-0.04771072622454569,-0.49049426699572063
0.3275417805907454,0.3147622509308453,-0.04771072622454569,-0.49049426699572063
0.3363241917479653,0.5288572954829059,-0.5268734630049486,-0.8590364716080043
0.3363241917479653,0.5288572954829059,-0.5268734630049486,-0.8590364716080043
0.3187593694335255,0.37720663892519635,2.3929507015140583,1.0180775577182715
0.3187593694335255,0.37720663892519635,2.3929507015140583,1.0180775577182715
0.3275417805907454,0.6091429371899287,-0.04771072622454569,-0.6801408390307464
0.3275417805907454,0.6091429371899287,-0.04771072622454569,-0.6801408390307464
0.4153658921629443,0.5377779223392418,-0.24173622850705365,-0.3279400623942699
0.4153658921629443,0.5377779223392418,-0.24173622850705365,-0.3279400623942699
0.4065834810057244,0.6091429371899287,-0.04771072622454569,-0.517156596850985
0.4065834810057244,0.6091429371899287,-0.04771072622454569,-0.517156596850985
0.3275417805907454,0.6091429371899287,-0.4296246711066599,-0.140013640672487
0.3275417805907454,0.6091429371899287,-0.4296246711066599,-0.140013640672487
0.1606759686035675,0.1363497138041281,-0.04771072622454569,-0.5937032857902925
0.1606759686035675,0.1363497138041281,-0.04771072622454569,-0.5937032857902925
0.3275417805907454,0.4307304000632115,-1.6339046134976036,0.0
0.3275417805907454,0.4307304000632115,-1.6339046134976036,0.0
1.0125698508538967,2.0283157155826895e-15,-0.30216266230793204,-0.140013640672487
1.0125698508538967,2.0283157155826895e-15,-0.30216266230793204,-0.140013640672487
0.3011945471190857,0.5110160417702343,-0.04771072622454569,-0.6668096741031142
0.3011945471190857,0.5110160417702343,-0.04771072622454569,-0.6668096741031142
0.3802362475340647,0.49317478805756254,-0.04771072622454569,-0.5072657325498385
0.3802362475340647,0.49317478805756254,-0.04771072622454569,-0.5072657325498385
0.4065834810057244,0.6091429371899287,-0.04771072622454569,-0.5244672356822672
0.4065834810057244,0.6091429371899287,-0.04771072622454569,-0.5244672356822672
0.4856251814207034,0.6002223103335929,-0.7445030409909247,-0.140013640672487
0.4856251814207034,0.6002223103335929,-0.7445030409909247,-0.140013640672487
0.3275417805907454,0.6091429371899287,-0.04771072622454569,-0.6070344507179247
0.3275417805907454,0.6091429371899287,-0.04771072622454569,-0.6070344507179247
0.6085789376217818,0.7429523400349667,-0.3267109010395389,-0.140013640672487
0.6085789376217818,0.7429523400349667,-0.3267109010395389,-0.140013640672487
0.4856251814207034,0.6002223103335929,-0.7430867964487166,-0.140013640672487
0.4856251814207034,0.6002223103335929,-0.7430867964487166,-0.140013640672487
0.3275417805907454,0.6091429371899287,-0.3673099112495041,-0.140013640672487
0.3275417805907454,0.6091429371899287,-0.3673099112495041,-0.140013640672487
0.6261437599362216,2.0283157155826895e-15,-0.48344196371056725,-0.140013640672487
0.6261437599362216,2.0283157155826895e-15,-0.48344196371056725,-0.140013640672487
0.6700558157223211,2.0283157155826895e-15,0.8709599001544337,1.3449061172344159
0.6700558157223211,2.0283157155826895e-15,0.8709599001544337,1.3449061172344159
0.3275417805907454,0.6091429371899287,-0.04771072622454569,-0.5571500916338816
0.3275417805907454,0.6091429371899287,-0.04771072622454569,-0.5571500916338816
0.3275417805907454,0.6091429371899287,-0.04771072622454569,-0.5416687388146959
0.3275417805907454,0.6091429371899287,-0.04771072622454569,-0.5416687388146959
0.5997965264645619,0.7697142206039742,-0.2450407991055392,-0.2651545759609054
0.5997965264645619,0.7697142206039742,-0.2450407991055392,-0.2651545759609054
0.678838226879541,2.0283157155826895e-15,-0.23559916882415194,-0.16022540685309067
0.6612734045651012,2.0283157155826895e-15,-0.23559916882415194,-0.16022540685309067
0.678838226879541,2.0283157155826895e-15,-0.23559916882415194,-0.16022540685309067
0.6612734045651012,2.0283157155826895e-15,-0.23559916882415194,-0.16022540685309067
0.3275417805907454,0.6091429371899287,-0.04771072622454569,-0.46297186198383483
0.3275417805907454,0.6091429371899287,-0.04771072622454569,-0.46297186198383483
0.3802362475340647,0.6180635640462646,-0.3016905807938627,-0.140013640672487
0.3802362475340647,0.6180635640462646,-0.3016905807938627,-0.140013640672487
0.353889014062405,0.11850846009145641,-0.7204268837733872,-0.140013640672487
0.353889014062405,0.11850846009145641,-0.7204268837733872,-0.140013640672487
0.23093525786132663,0.44857165377588326,-0.5481171311380699,-0.140013640672487
0.23093525786132663,0.44857165377588326,-0.5481171311380699,-0.140013640672487
0.4153658921629443,0.5377779223392418,-0.2691169563230767,-0.34944194130980577
0.4153658921629443,0.5377779223392418,-0.2691169563230767,-0.34944194130980577
0.5997965264645619,0.7697142206039742,-0.5670003917008444,-0.140013640672487
0.5997965264645619,0.7697142206039742,-0.5670003917008444,-0.140013640672487
0.08163426818858852,0.1363497138041281,-0.6156247876499887,-0.140013640672487
0.08163426818858852,0.1363497138041281,-0.6156247876499887,-0.140013640672487
0.907180916967258,2.0283157155826895e-15,2.507666509432913,4.036511319881187
0.907180916967258,2.0283157155826895e-15,2.507666509432913,4.036511319881187
0.353889014062405,0.4218097732068757,-0.04771072622454569,-0.5438189267062494
0.353889014062405,0.4218097732068757,-0.04771072622454569,-0.5438189267062494
0.3011945471190857,0.3415241314998529,-0.6061831573686015,-0.140013640672487
0.3011945471190857,0.3415241314998529,-0.6061831573686015,-0.140013640672487
0.3011945471190857,0.3415241314998529,-0.5537821093069023,-0.140013640672487
0.3011945471190857,0.3415241314998529,-0.5537821093069023,-0.140013640672487
0.4153658921629443,0.591301683477257,1.719290380937078,2.7481187352622825
0.4153658921629443,0.591301683477257,1.719290380937078,2.7481187352622825
0.3011945471190857,0.5110160417702343,-0.4400104644161859,-0.140013640672487
0.3011945471190857,0.5110160417702343,-0.4400104644161859,-0.140013640672487
0.6349261710934415,0.4128891463505398,0.1939950089789679,0.561377649552291
0.6349261710934415,0.4128891463505398,0.1939950089789679,0.561377649552291
0.3011945471190857,0.5110160417702343,-0.10105593731438364,-0.32234957387623064
0.3011945471190857,0.5110160417702343,-0.10105593731438364,-0.32234957387623064
0.4153658921629443,0.5377779223392418,-0.27336568994970095,-0.3472917534182522
0.4153658921629443,0.5377779223392418,-0.27336568994970095,-0.3472917534182522
0.678838226879541,2.0283157155826895e-15,-0.4990206536748562,-0.140013640672487
0.6612734045651012,2.0283157155826895e-15,-0.4990206536748562,-0.140013640672487
0.678838226879541,2.0283157155826895e-15,-0.4990206536748562,-0.140013640672487
0.6612734045651012,2.0283157155826895e-15,-0.4990206536748562,-0.140013640672487
0.6085789376217818,0.7429523400349667,0.567883568121903,-0.406636939225131
0.6085789376217818,0.7429523400349667,0.567883568121903,-0.406636939225131
1.0125698508538967,2.0283157155826895e-15,-0.3016905807938627,-0.140013640672487
1.0125698508538967,2.0283157155826895e-15,-0.3016905807938627,-0.140013640672487
0.6173613487790017,2.0283157155826895e-15,-0.6812441181056301,-0.6048842628263711
0.6173613487790017,2.0283157155826895e-15,-0.6812441181056301,-0.6048842628263711
0.8105743942378393,2.0283157155826895e-15,-0.48438612673870596,-0.140013640672487
0.8105743942378393,2.0283157155826895e-15,-0.48438612673870596,-0.140013640672487
0.5997965264645619,0.7697142206039742,-0.26770071178086857,-0.2470929976718553
0.5997965264645619,0.7697142206039742,-0.26770071178086857,-0.2470929976718553
0.3275417805907454,0.3147622509308453,-0.43670589381770036,-0.140013640672487
0.3275417805907454,0.3147622509308453,-0.43670589381770036,-0.140013640672487
0.6700558157223211,2.0283157155826895e-15,0.8737923892388498,1.338455553559755
0.6700558157223211,2.0283157155826895e-15,0.8737923892388498,1.338455553559755
0.3802362475340647,0.6180635640462646,-0.04771072622454569,-0.35374231709291293
0.3802362475340647,0.6180635640462646,-0.04771072622454569,-0.35374231709291293
0.3275417805907454,0.6091429371899287,-0.4603099695211685,-0.140013640672487
0.3275417805907454,0.6091429371899287,-0.4603099695211685,-0.140013640672487
0.6085789376217818,0.7429523400349667,-0.533954685715989,-0.140013640672487
0.6085789376217818,0.7429523400349667,-0.533954685715989,-0.140013640672487
1.0125698508538967,2.0283157155826895e-15,-0.408853084487608,-0.140013640672487
1.0125698508538967,2.0283157155826895e-15,-0.408853084487608,-0.140013640672487
0.3275417805907454,0.3147622509308453,-0.4022439432906369,-0.140013640672487
0.3275417805907454,0.3147622509308453,-0.4022439432906369,-0.140013640672487
-0.12036118842746893,-0.18479285302396287,0.40029463062727927,1.3707083719330588
-0.12036118842746893,-0.18479285302396287,0.40029463062727927,1.3707083719330588
0.5997965264645619,0.7697142206039742,-0.5136551806110065,-0.5038254319233528
0.5997965264645619,0.7697142206039742,-0.5136551806110065,-0.5038254319233528
0.3275417805907454,0.3147622509308453,-0.4315129971629374,-0.140013640672487
0.3275417805907454,0.3147622509308453,-0.4315129971629374,-0.140013640672487
0.3275417805907454,0.3147622509308453,-0.42443177445189695,-0.140013640672487
0.3275417805907454,0.3147622509308453,-0.42443177445189695,-0.140013640672487
0.23093525786132663,0.44857165377588326,-0.5636958211023588,-0.140013640672487
0.23093525786132663,0.44857165377588326,-0.5636958211023588,-0.140013640672487
0.4065834810057244,0.46641290748855496,-0.5103506100125209,-0.140013640672487
0.4065834810057244,0.46641290748855496,-0.5103506100125209,-0.140013640672487
0.4856251814207034,0.6002223103335929,-0.7223152098296647,-0.140013640672487
0.4856251814207034,0.6002223103335929,-0.7223152098296647,-0.140013640672487
0.3275417805907454,0.3147622509308453,-0.4277363450503825,-0.140013640672487
0.3275417805907454,0.3147622509308453,-0.4277363450503825,-0.140013640672487
0.907180916967258,2.0283157155826895e-15,2.5364634817911442,4.04382195871247
0.907180916967258,2.0283157155826895e-15,2.5364634817911442,4.04382195871247
0.23093525786132663,0.44857165377588326,-0.5566145983913184,-0.140013640672487
0.23093525786132663,0.44857165377588326,-0.5566145983913184,-0.140013640672487
0.4153658921629443,0.5377779223392418,-0.26392405966831367,-0.3434214152134557
0.4153658921629443,0.5377779223392418,-0.26392405966831367,-0.3434214152134557
0.3275417805907454,0.3147622509308453,-0.04771072622454569,-0.46942242565849557
0.3275417805907454,0.3147622509308453,-0.04771072622454569,-0.46942242565849557
0.3011945471190857,0.5110160417702343,-0.3810002751575156,-0.140013640672487
0.3011945471190857,0.5110160417702343,-0.3810002751575156,-0.140013640672487
1.0125698508538967,2.0283157155826895e-15,-0.04771072622454569,-0.7919506093915326
1.0125698508538967,2.0283157155826895e-15,-0.04771072622454569,-0.7919506093915326
0.3275417805907454,0.3147622509308453,-0.4097972475157467,-0.140013640672487
0.3275417805907454,0.3147622509308453,-0.4097972475157467,-0.140013640672487
0.4241483033201642,0.7072698326096232,-0.7591375679270749,-0.4479205467429597
0.4241483033201642,0.7072698326096232,-0.7591375679270749,-0.4479205467429597
0.6700558157223211,2.0283157155826895e-15,0.8634065959293239,1.3229742007405694
0.6700558157223211,2.0283157155826895e-15,0.8634065959293239,1.3229742007405694
0.3011945471190857,0.3415241314998529,-0.7166502316608323,-0.140013640672487
0.3011945471190857,0.3415241314998529,-0.7166502316608323,-0.140013640672487
0.3802362475340647,0.6180635640462646,-0.04771072622454569,-0.4767330644897777
0.3802362475340647,0.6180635640462646,-0.04771072622454569,-0.4767330644897777
0.5997965264645619,0.7697142206039742,-0.4725840888869719,-0.140013640672487
0.5997965264645619,0.7697142206039742,-0.4725840888869719,-0.140013640672487
0.5646668818356824,0.7518729668913025,1.785853874420858,2.6754423845277713
0.5646668818356824,0.7518729668913025,1.785853874420858,2.6754423845277713
0.5997965264645619,0.7697142206039742,-0.268172793294938,-0.3060081459004234
0.5997965264645619,0.7697142206039742,-0.268172793294938,-0.3060081459004234
-0.5682641574456833,-0.3096816290126649,-0.6241222549032373,-0.140013640672487
-0.5682641574456833,-0.3096816290126649,-0.6241222549032373,-0.140013640672487
0.5997965264645619,0.7697142206039742,-0.23559916882415194,-0.27031502690063397
0.5997965264645619,0.7697142206039742,-0.23559916882415194,-0.27031502690063397
0.8983985058100381,2.0283157155826895e-15,5.437404385747377,1.0124870692002321
0.8983985058100381,2.0283157155826895e-15,5.437404385747377,1.0124870692002321
0.4065834810057244,0.6091429371899287,-0.04771072622454569,-0.5184467095859172
0.4065834810057244,0.6091429371899287,-0.04771072622454569,-0.5184467095859172
0.3011945471190857,0.3415241314998529,-0.04771072622454569,-0.939883536330419
0.3011945471190857,0.3415241314998529,-0.04771072622454569,-0.939883536330419
0.3802362475340647,0.6180635640462646,-0.05431986742151676,-0.33095032544244496
0.3802362475340647,0.6180635640462646,-0.05431986742151676,-0.33095032544244496
0.3275417805907454,0.6091429371899287,-0.43906630138804714,-0.140013640672487
0.3275417805907454,0.6091429371899287,-0.43906630138804714,-0.140013640672487
0.3011945471190857,0.3415241314998529,-0.7463913670472021,-0.140013640672487
0.3011945471190857,0.3415241314998529,-0.7463913670472021,-0.140013640672487
0.4065834810057244,0.6894285788969514,-0.5679445547289831,-0.140013640672487
0.4065834810057244,0.6894285788969514,-0.5679445547289831,-0.140013640672487
0.3802362475340647,0.6180635640462646,-0.04771072622454569,-0.6435876448743356
0.3802362475340647,0.6180635640462646,-0.04771072622454569,-0.6435876448743356
0.3275417805907454,0.6091429371899287,-0.04771072622454569,-0.52016685989916
0.3275417805907454,0.6091429371899287,-0.04771072622454569,-0.52016685989916
0.4065834810057244,0.6359048177589363,-0.04771072622454569,-0.4831836281644385
0.4065834810057244,0.6359048177589363,-0.04771072622454569,-0.4831836281644385
0.3275417805907454,0.3147622509308453,-0.32765506406767764,-0.140013640672487
0.3275417805907454,0.3147622509308453,-0.32765506406767764,-0.140013640672487
0.1606759686035675,0.1363497138041281,-0.4489800131835038,-0.140013640672487
0.1606759686035675,0.1363497138041281,-0.4489800131835038,-0.140013640672487
0.5295372372068028,0.6091429371899287,2.3315801046850413,1.0292585347543501
0.5295372372068028,0.6091429371899287,2.3315801046850413,1.0292585347543501
0.3275417805907454,0.6091429371899287,-0.5292338705752954,-0.140013640672487
0.3275417805907454,0.6091429371899287,-0.5292338705752954,-0.140013640672487
0.3275417805907454,0.6091429371899287,-0.49854857216078685,-0.140013640672487
0.3275417805907454,0.6091429371899287,-0.49854857216078685,-0.140013640672487
0.4856251814207034,0.6002223103335929,-0.582107000151064,-0.15291476802180848
0.4856251814207034,0.6002223103335929,-0.582107000151064,-0.15291476802180848
0.3011945471190857,0.5110160417702343,-0.4886348603653302,-0.140013640672487
0.3011945471190857,0.5110160417702343,-0.4886348603653302,-0.140013640672487
0.678838226879541,2.0283157155826895e-15,-0.24220831002112303,-0.3193393108280556
0.6612734045651012,2.0283157155826895e-15,-0.24220831002112303,-0.3193393108280556
0.678838226879541,2.0283157155826895e-15,-0.24220831002112303,-0.3193393108280556
0.6612734045651012,2.0283157155826895e-15,-0.24220831002112303,-0.3193393108280556
0.4856251814207034,0.6002223103335929,-0.722787291343734,-0.140013640672487
0.4856251814207034,0.6002223103335929,-0.722787291343734,-0.140013640672487
0.3275417805907454,0.3147622509308453,-0.4211272038534114,-0.140013640672487
0.3275417805907454,0.3147622509308453,-0.4211272038534114,-0.140013640672487
0.3802362475340647,0.6180635640462646,-0.04771072622454569,-0.3447115279483879
0.3802362475340647,0.6180635640462646,-0.04771072622454569,-0.3447115279483879
0.23093525786132663,0.44857165377588326,-0.5778582665244397,-0.140013640672487
0.23093525786132663,0.44857165377588326,-0.5778582665244397,-0.140013640672487
0.678838226879541,2.0283157155826895e-15,-0.6892695038448092,-0.140013640672487
0.678838226879541,2.0283157155826895e-15,-0.6892695038448092,-0.140013640672487
0.3011945471190857,0.5110160417702343,-0.39044190543890284,-0.140013640672487
0.3011945471190857,0.5110160417702343,-0.39044190543890284,-0.140013640672487
0.5997965264645619,0.7697142206039742,-0.26109157058389754,-0.2501032607200303
0.5997965264645619,0.7697142206039742,-0.26109157058389754,-0.2501032607200303
0.5031900037351431,2.0283157155826895e-15,-0.04771072622454569,-1.1291000707871341
0.5031900037351431,2.0283157155826895e-15,-0.04771072622454569,-1.1291000707871341
0.5997965264645619,0.7697142206039742,-0.25542659241506516,-0.23978235884057314
0.5997965264645619,0.7697142206039742,-0.25542659241506516,-0.23978235884057314
0.4065834810057244,0.6091429371899287,-0.04771072622454569,-0.5326379496701709
0.4065834810057244,0.6091429371899287,-0.04771072622454569,-0.5326379496701709
0.3275417805907454,0.3147622509308453,-0.04771072622454569,-0.49350453004389566
0.3275417805907454,0.3147622509308453,-0.04771072622454569,-0.49350453004389566
-0.12036118842746893,-0.18479285302396287,-0.5797465925807171,-0.140013640672487
-0.12036118842746893,-0.18479285302396287,-0.5797465925807171,-0.140013640672487
1.0125698508538967,2.0283157155826895e-15,-0.04771072622454569,-0.9471941751617011
1.0125698508538967,2.0283157155826895e-15,-0.04771072622454569,-0.9471941751617011
0.678838226879541,2.0283157155826895e-15,-0.6430055154660117,-0.140013640672487
0.678838226879541,2.0283157155826895e-15,-0.6430055154660117,-0.140013640672487
0.1606759686035675,0.1363497138041281,-0.04771072622454569,-0.759697791018229
0.1606759686035675,0.1363497138041281,-0.04771072622454569,-0.759697791018229
0.3011945471190857,0.5110160417702343,-0.04771072622454569,-0.47630302691146703
0.3011945471190857,0.5110160417702343,-0.04771072622454569,-0.47630302691146703
0.3275417805907454,0.6091429371899287,-0.5684166362430525,-0.140013640672487
0.3275417805907454,0.6091429371899287,-0.5684166362430525,-0.140013640672487
1.0125698508538967,2.0283157155826895e-15,-0.04771072622454569,-0.9613854152459548
1.0125698508538967,2.0283157155826895e-15,-0.04771072622454569,-0.9613854152459548
0.907180916967258,2.0283157155826895e-15,2.5237172809112716,4.039521582929362
0.907180916967258,2.0283157155826895e-15,2.5237172809112716,4.039521582929362
0.4065834810057244,0.6091429371899287,-0.04771072622454569,-0.5296276866219958
0.4065834810057244,0.6091429371899287,-0.04771072622454569,-0.5296276866219958
0.3275417805907454,0.4574922806322191,-0.35881244399625556,-0.140013640672487
0.3275417805907454,0.4574922806322191,-0.35881244399625556,-0.140013640672487
0.4065834810057244,0.6091429371899287,-0.04771072622454569,-0.5365082878749673
0.4065834810057244,0.6091429371899287,-0.04771072622454569,-0.5365082878749673
0.8105743942378393,2.0283157155826895e-15,1.6612243547065464,2.100052104748033
0.8105743942378393,2.0283157155826895e-15,1.6612243547065464,2.100052104748033
-0.12036118842746893,-0.18479285302396287,-0.6491425751489135,-0.140013640672487
-0.12036118842746893,-0.18479285302396287,-0.6491425751489135,-0.140013640672487
0.5997965264645619,0.7697142206039742,-0.22285296794427917,-0.22215081812983378
0.5997965264645619,0.7697142206039742,-0.22285296794427917,-0.22215081812983378
0.3275417805907454,0.3147622509308453,-0.04771072622454569,-0.47630302691146703
0.3275417805907454,0.3147622509308453,-0.04771072622454569,-0.47630302691146703
0.8457040388667189,2.0283157155826895e-15,3.91682982892996,3.5131555870770463
0.8457040388667189,2.0283157155826895e-15,3.91682982892996,3.5131555870770463
0.27484731364742604,0.35936538521252465,0.3398681968264009,-0.3374008891171057
0.27484731364742604,0.35936538521252465,0.3398681968264009,-0.3374008891171057
0.4680603591062636,0.5288572954829059,-0.5372592563144746,-0.140013640672487
0.4680603591062636,0.5288572954829059,-0.5372592563144746,-0.140013640672487
0.3275417805907454,0.6091429371899287,1.7943513416741066,2.4027985598787773
0.3275417805907454,0.6091429371899287,1.7943513416741066,2.4027985598787773
0.3275417805907454,0.3147622509308453,-0.41782263325492586,-0.140013640672487
0.3275417805907454,0.3147622509308453,-0.41782263325492586,-0.140013640672487
0.3275417805907454,0.3147622509308453,-0.04771072622454569,-0.48619389121261347
0.3275417805907454,0.3147622509308453,-0.04771072622454569,-0.48619389121261347
0.3275417805907454,0.6091429371899287,-0.04771072622454569,-0.5463991521761138
0.3275417805907454,0.6091429371899287,-0.04771072622454569,-0.5463991521761138
0.3275417805907454,0.6091429371899287,-0.04771072622454569,-0.5395185509231423
0.3275417805907454,0.6091429371899287,-0.04771072622454569,-0.5395185509231423
0.4856251814207034,0.6002223103335929,-1.0362494166857907,-0.140013640672487
0.4856251814207034,0.6002223103335929,-1.0362494166857907,-0.140013640672487
0.3275417805907454,0.6091429371899287,-0.4300967526207293,-0.140013640672487
0.3275417805907454,0.6091429371899287,-0.4300967526207293,-0.140013640672487
0.3011945471190857,0.3415241314998529,-0.04771072622454569,-0.8646269601260437
0.3011945471190857,0.3415241314998529,-0.04771072622454569,-0.8646269601260437
0.3275417805907454,0.4574922806322191,-0.4744724149432494,-0.140013640672487
0.3275417805907454,0.4574922806322191,-0.4744724149432494,-0.140013640672487
0.5558844706784625,0.6805079520406156,-0.3805281936434462,0.22293807542175742
0.5558844706784625,0.6805079520406156,-0.3805281936434462,0.22293807542175742
0.4065834810057244,0.6894285788969514,-0.47116784434476383,-0.140013640672487
0.4065834810057244,0.6894285788969514,-0.47116784434476383,-0.140013640672487
0.1606759686035675,0.1363497138041281,-0.04771072622454569,-0.5992937743083319
0.1606759686035675,0.1363497138041281,-0.04771072622454569,-0.5992937743083319
0.4065834810057244,0.6091429371899287,-0.04771072622454569,-0.5283375738870637
0.4065834810057244,0.6091429371899287,-0.04771072622454569,-0.5283375738870637
0.6085789376217818,0.7429523400349667,-0.6099598094811564,-0.140013640672487
0.6085789376217818,0.7429523400349667,-0.6099598094811564,-0.140013640672487
0.4153658921629443,0.5377779223392418,-0.2540103478728571,-0.3244997617677842
0.4153658921629443,0.5377779223392418,-0.2540103478728571,-0.3244997617677842
0.678838226879541,0.6626666983279439,-0.04771072622454569,-0.7115335822474287
0.678838226879541,0.6626666983279439,-0.04771072622454569,-0.7115335822474287
0.4768427702634835,0.5556191760519136,0.9606553878276125,1.5349827268477523
0.4768427702634835,0.5556191760519136,0.9606553878276125,1.5349827268477523
0.4065834810057244,0.6091429371899287,-0.554726272335041,-0.140013640672487
0.4065834810057244,0.6091429371899287,-0.554726272335041,-0.140013640672487
0.5295372372068028,0.6091429371899287,-0.5136551806110065,-0.5980036615733997
0.5295372372068028,0.6091429371899287,-0.5136551806110065,-0.5980036615733997
0.3275417805907454,0.6091429371899287,-0.04771072622454569,-0.5739215571879995
0.3275417805907454,0.6091429371899287,-0.04771072622454569,-0.5739215571879995
0.18702320207522719,0.207714728654815,1.4412343691502236,1.9559895160139433
0.18702320207522719,0.207714728654815,1.4412343691502236,1.9559895160139433
0.23093525786132663,0.35044475835618877,-0.04771072622454569,-0.5889728724288746
0.23093525786132663,0.35044475835618877,-0.04771072622454569,-0.5889728724288746
0.4065834810057244,0.6091429371899287,-0.04771072622454569,-0.5416687388146959
0.4065834810057244,0.6091429371899287,-0.04771072622454569,-0.5416687388146959
0.08163426818858852,0.1363497138041281,0.8865385901187226,0.25261066832519685
0.08163426818858852,0.1363497138041281,0.8865385901187226,0.25261066832519685
0.3275417805907454,0.3147622509308453,-0.4069647584313305,-0.140013640672487
0.3275417805907454,0.3147622509308453,-0.4069647584313305,-0.140013640672487
0.3802362475340647,0.6180635640462646,-0.04771072622454569,-0.36277310623743797
0.3802362475340647,0.6180635640462646,-0.04771072622454569,-0.36277310623743797
0.3451066029051852,0.207714728654815,-0.04771072622454569,-0.6272462168985283
0.3451066029051852,0.207714728654815,-0.04771072622454569,-0.6272462168985283
0.3890186586912846,0.6715873251842798,-0.04771072622454569,-0.40362667617695597
0.3890186586912846,0.6715873251842798,-0.04771072622454569,-0.40362667617695597
0.4856251814207034,0.6002223103335929,-0.29602560262503036,-0.2948271688643448
0.4856251814207034,0.6002223103335929,-0.29602560262503036,-0.2948271688643448
0.13432873513190785,0.24339723608015845,-0.13362956178516966,0.2177776244820288
0.13432873513190785,0.24339723608015845,-0.13362956178516966,0.2177776244820288
0.5997965264645619,0.7697142206039742,-0.2558986739291345,-0.2707450644789447
0.5997965264645619,0.7697142206039742,-0.2558986739291345,-0.2707450644789447
0.8105743942378393,2.0283157155826895e-15,-0.04771072622454569,-0.529197649043685
0.8105743942378393,2.0283157155826895e-15,-0.04771072622454569,-0.529197649043685
0.3275417805907454,0.6091429371899287,-0.04771072622454569,-0.5438189267062494
0.3275417805907454,0.6091429371899287,-0.04771072622454569,-0.5438189267062494
0.7490975161373,2.0283157155826895e-15,2.296173991129839,0.682648246635913
0.7490975161373,2.0283157155826895e-15,2.296173991129839,0.682648246635913
0.3275417805907454,0.3147622509308453,-0.4211272038534114,-0.140013640672487
0.3275417805907454,0.3147622509308453,-0.4211272038534114,-0.140013640672487
0.3275417805907454,0.3147622509308453,-0.44048254593025526,-0.140013640672487
0.3275417805907454,0.3147622509308453,-0.44048254593025526,-0.140013640672487
0.5295372372068028,0.6091429371899287,-0.04771072622454569,-0.5700512189832031
0.5295372372068028,0.6091429371899287,-0.04771072622454569,-0.5700512189832031
0.5997965264645619,0.7697142206039742,-0.8766858649303462,-0.140013640672487
0.5997965264645619,0.7697142206039742,-0.8766858649303462,-0.140013640672487
0.3011945471190857,0.5110160417702343,-0.2790306681185333,-0.25053329829834103
0.3011945471190857,0.5110160417702343,-0.2790306681185333,-0.25053329829834103
0.3275417805907454,0.3147622509308453,-0.38005611212937684,-0.140013640672487
0.3275417805907454,0.3147622509308453,-0.38005611212937684,-0.140013640672487
0.4768427702634835,0.5556191760519136,2.7035803377716987,1.4678968646312807
0.4768427702634835,0.5556191760519136,2.7035803377716987,1.4678968646312807
0.3275417805907454,0.6091429371899287,-0.04771072622454569,-0.6775606135608822
0.3275417805907454,0.6091429371899287,-0.04771072622454569,-0.6775606135608822
0.3275417805907454,0.3147622509308453,-0.8337264471500342,-0.140013640672487
0.3275417805907454,0.3147622509308453,-0.8337264471500342,-0.140013640672487
0.6700558157223211,2.0283157155826895e-15,0.8761527968091967,1.3259844637887443
0.6700558157223211,2.0283157155826895e-15,0.8761527968091967,1.3259844637887443
0.3802362475340647,0.6180635640462646,-0.04771072622454569,-0.37438412085182726
0.3802362475340647,0.6180635640462646,-0.04771072622454569,-0.37438412085182726
0.1606759686035675,0.1363497138041281,-0.04771072622454569,-0.7510970394520147
0.1606759686035675,0.1363497138041281,-0.04771072622454569,-0.7510970394520147
0.3275417805907454,0.3147622509308453,-0.4201830408252727,-0.140013640672487
0.3275417805907454,0.3147622509308453,-0.4201830408252727,-0.140013640672487
0.5997965264645619,0.7697142206039742,-0.24315247304926174,-0.2746154026837411
0.5997965264645619,0.7697142206039742,-0.24315247304926174,-0.2746154026837411
0.4153658921629443,0.591301683477257,1.918508779874349,2.506867653829971
0.4153658921629443,0.591301683477257,1.918508779874349,2.506867653829971
0.4856251814207034,0.6002223103335929,-0.7090969274357225,-0.140013640672487
0.4856251814207034,0.6002223103335929,-0.7090969274357225,-0.140013640672487
0.3011945471190857,0.5110160417702343,2.7257681689329587,1.447685098450677
0.3011945471190857,0.5110160417702343,2.7257681689329587,1.447685098450677
1.0125698508538967,2.0283157155826895e-15,-0.2964976841390997,-0.140013640672487
1.0125698508538967,2.0283157155826895e-15,-0.2964976841390997,-0.140013640672487
0.4856251814207034,0.6002223103335929,-0.7473355300753408,-0.140013640672487
0.4856251814207034,0.6002223103335929,-0.7473355300753408,-0.140013640672487
0.4856251814207034,0.6002223103335929,-0.6694420802538961,-0.140013640672487
0.4856251814207034,0.6002223103335929,-0.6694420802538961,-0.140013640672487
0.8983985058100381,2.0283157155826895e-15,4.212352856737382,2.6509302425640606
0.8983985058100381,2.0283157155826895e-15,4.212352856737382,2.6509302425640606
0.4153658921629443,0.591301683477257,-0.5023252242733417,-0.140013640672487
0.4153658921629443,0.591301683477257,-0.5023252242733417,-0.140013640672487
0.4856251814207034,0.6002223103335929,-0.7242035358859421,-0.140013640672487
0.4856251814207034,0.6002223103335929,-0.7242035358859421,-0.140013640672487
1.0125698508538967,2.0283157155826895e-15,-0.4003556172343595,-0.140013640672487
1.0125698508538967,2.0283157155826895e-15,-0.4003556172343595,-0.140013640672487
0.3187593694335255,0.37720663892519635,0.5829901765721226,0.7690857998763669
0.3187593694335255,0.37720663892519635,0.5829901765721226,0.7690857998763669
0.5997965264645619,0.7697142206039742,-0.25353826635878773,-0.2522534486115839
0.5997965264645619,0.7697142206039742,-0.25353826635878773,-0.2522534486115839
0.4065834810057244,0.6091429371899287,-0.04771072622454569,-0.5266174235738208
0.4065834810057244,0.6091429371899287,-0.04771072622454569,-0.5266174235738208
0.3275417805907454,0.6091429371899287,-0.42915258959259056,-0.140013640672487
0.3275417805907454,0.6091429371899287,-0.42915258959259056,-0.140013640672487
0.4153658921629443,0.5377779223392418,-0.2710052823793541,-0.34600164068332
0.4153658921629443,0.5377779223392418,-0.2710052823793541,-0.34600164068332
0.3275417805907454,0.6091429371899287,-0.04771072622454569,-0.5765017826578639
0.3275417805907454,0.6091429371899287,-0.04771072622454569,-0.5765017826578639
0.3451066029051852,0.207714728654815,-0.4565333174086136,-0.140013640672487
0.3451066029051852,0.207714728654815,-0.4565333174086136,-0.140013640672487
0.3011945471190857,0.3415241314998529,-0.8667721531348895,-0.140013640672487
0.3011945471190857,0.3415241314998529,-0.8667721531348895,-0.140013640672487
0.3275417805907454,0.3147622509308453,-0.41876679628306457,-0.140013640672487
0.3275417805907454,0.3147622509308453,-0.41876679628306457,-0.140013640672487
0.4153658921629443,0.591301683477257,1.8882955629739098,1.5551944930283559
0.4153658921629443,0.591301683477257,1.8882955629739098,1.5551944930283559
0.5997965264645619,0.7697142206039742,-0.23795957639449877,-0.24623292251523388
0.5997965264645619,0.7697142206039742,-0.23795957639449877,-0.24623292251523388
0.6085789376217818,0.7429523400349667,2.289564849932868,1.0980645472840647
0.6085789376217818,0.7429523400349667,2.289564849932868,1.0980645472840647
0.6085789376217818,0.7429523400349667,-0.04771072622454569,-0.760987903753161
0.6085789376217818,0.7429523400349667,-0.04771072622454569,-0.760987903753161
0.3011945471190857,0.3415241314998529,-0.3536195473414926,-0.140013640672487
0.3011945471190857,0.3415241314998529,-0.3536195473414926,-0.140013640672487
0.18702320207522719,0.207714728654815,0.7184775711100296,1.1410683051151362
0.18702320207522719,0.207714728654815,0.7184775711100296,1.1410683051151362
1.0125698508538967,2.0283157155826895e-15,-0.300746417765724,-0.140013640672487
1.0125698508538967,2.0283157155826895e-15,-0.300746417765724,-0.140013640672487
0.4856251814207034,2.0283157155826895e-15,1.4917470911556454,2.3997882968306024
0.4856251814207034,2.0283157155826895e-15,1.4917470911556454,2.3997882968306024
0.3275417805907454,0.3147622509308453,-0.04771072622454569,-0.4621117868272134
0.3275417805907454,0.3147622509308453,-0.04771072622454569,-0.4621117868272134
0.5997965264645619,0.7697142206039742,-0.26297989664017496,-0.2647245383825947
0.5997965264645619,0.7697142206039742,-0.26297989664017496,-0.2647245383825947
0.4241483033201642,0.5734604297645853,-0.04771072622454569,-0.6229458411154212
0.4241483033201642,0.5734604297645853,-0.04771072622454569,-0.6229458411154212
0.3275417805907454,0.6091429371899287,-0.04771072622454569,-0.5322079120918601
0.3275417805907454,0.6091429371899287,-0.04771072622454569,-0.5322079120918601
0.6700558157223211,2.0283157155826895e-15,0.8685994925840869,1.3380255159814443
0.6700558157223211,2.0283157155826895e-15,0.8685994925840869,1.3380255159814443
0.3275417805907454,0.6091429371899287,-0.5424521529692375,-0.16495582021450853
0.3275417805907454,0.6091429371899287,-0.5424521529692375,-0.16495582021450853
0.27484731364742604,0.35936538521252465,-0.8913203918664964,-0.5700512189832031
0.27484731364742604,0.35936538521252465,-0.8913203918664964,-0.5700512189832031
0.4065834810057244,0.46641290748855496,-0.5344267672300584,-0.140013640672487
0.4065834810057244,0.46641290748855496,-0.5344267672300584,-0.140013640672487
0.5997965264645619,0.7697142206039742,-0.2615636520979669,-0.26945495174401257
0.5997965264645619,0.7697142206039742,-0.2615636520979669,-0.26945495174401257
0.4065834810057244,0.6091429371899287,-0.04771072622454569,-0.5261873859955101
0.4065834810057244,0.6091429371899287,-0.04771072622454569,-0.5261873859955101
0.678838226879541,2.0283157155826895e-15,-0.04771072622454569,-0.16323566990126567
0.6612734045651012,2.0283157155826895e-15,-0.04771072622454569,-0.16323566990126567
0.678838226879541,2.0283157155826895e-15,-0.04771072622454569,-0.16323566990126567
0.6612734045651012,2.0283157155826895e-15,-0.04771072622454569,-0.16323566990126567
0.44171312563460396,0.6448254446152721,-0.04771072622454569,-0.48963419183909923
0.44171312563460396,0.6448254446152721,-0.04771072622454569,-0.48963419183909923
0.5997965264645619,0.7697142206039742,-0.2587311630135507,-0.2681648390090804
0.5997965264645619,0.7697142206039742,-0.2587311630135507,-0.2681648390090804
0.3802362475340647,0.6180635640462646,-0.04771072622454569,-0.41824795383952035
0.3802362475340647,0.6180635640462646,-0.04771072622454569,-0.41824795383952035
0.49440759257792327,0.591301683477257,-0.3682540742776428,-0.6620792607416964
0.49440759257792327,0.591301683477257,-0.3682540742776428,-0.6620792607416964
0.3275417805907454,0.6091429371899287,-0.4858023712809141,-0.140013640672487
0.3275417805907454,0.6091429371899287,-0.4858023712809141,-0.140013640672487
0.3011945471190857,0.5110160417702343,-0.5759699404681623,-0.140013640672487
0.3011945471190857,0.5110160417702343,-0.5759699404681623,-0.140013640672487
0.3275417805907454,0.6091429371899287,-0.04771072622454569,-0.5730614820313782
0.3275417805907454,0.6091429371899287,-0.04771072622454569,-0.5730614820313782
0.6700558157223211,2.0283157155826895e-15,0.8747365522669885,1.3298548019935408
0.6700558157223211,2.0283157155826895e-15,0.8747365522669885,1.3298548019935408
0.907180916967258,2.0283157155826895e-15,2.5284380960519655,4.033071019254702
0.907180916967258,2.0283157155826895e-15,2.5284380960519655,4.033071019254702
0.5997965264645619,0.7697142206039742,-0.25920324452762006,-0.27504544026205185
0.5997965264645619,0.7697142206039742,-0.25920324452762006,-0.27504544026205185
0.3011945471190857,0.3415241314998529,-0.5962694455731449,-0.140013640672487
0.3011945471190857,0.3415241314998529,-0.5962694455731449,-0.140013640672487
0.27484731364742604,0.35936538521252465,-0.5906044674043125,-0.140013640672487
0.27484731364742604,0.35936538521252465,-0.5906044674043125,-0.140013640672487
0.18702320207522719,0.207714728654815,-0.04771072622454569,-0.6246659914286641
0.18702320207522719,0.207714728654815,-0.04771072622454569,-0.6246659914286641
0.3275417805907454,0.3147622509308453,-0.4300967526207293,-0.140013640672487
0.3275417805907454,0.3147622509308453,-0.4300967526207293,-0.140013640672487
0.4856251814207034,0.6002223103335929,-0.7157060686326936,-0.140013640672487
0.4856251814207034,0.6002223103335929,-0.7157060686326936,-0.140013640672487
0.4153658921629443,0.5377779223392418,-0.33143171618023254,-0.30428799558718056
0.4153658921629443,0.5377779223392418,-0.33143171618023254,-0.30428799558718056
0.7578799272945199,2.0283157155826895e-15,-0.8903762288383577,-0.5700512189832031
0.7578799272945199,2.0283157155826895e-15,-0.8903762288383577,-0.5700512189832031
0.5031900037351431,2.0283157155826895e-15,-0.6283709885298615,-0.140013640672487
0.5031900037351431,2.0283157155826895e-15,-0.6283709885298615,-0.140013640672487
0.3275417805907454,0.3147622509308453,-0.4126297366001629,-0.140013640672487
0.3275417805907454,0.3147622509308453,-0.4126297366001629,-0.140013640672487
0.4065834810057244,0.6091429371899287,-0.04771072622454569,-0.5244672356822672
0.4065834810057244,0.6091429371899287,-0.04771072622454569,-0.5244672356822672
0.6261437599362216,2.0283157155826895e-15,-0.3078276404767644,-0.140013640672487
0.6261437599362216,2.0283157155826895e-15,-0.3078276404767644,-0.140013640672487
0.6085789376217818,0.7429523400349667,-0.04771072622454569,-0.6878815154403394
0.6085789376217818,0.7429523400349667,-0.04771072622454569,-0.6878815154403394
0.6700558157223211,2.0283157155826895e-15,0.8737923892388498,1.3380255159814443
0.6700558157223211,2.0283157155826895e-15,0.8737923892388498,1.3380255159814443
0.3275417805907454,0.3147622509308453,-0.4145180626564403,-0.140013640672487
0.3275417805907454,0.3147622509308453,-0.4145180626564403,-0.140013640672487
0.4856251814207034,0.6002223103335929,-0.7208989652874566,-0.140013640672487
0.4856251814207034,0.6002223103335929,-0.7208989652874566,-0.140013640672487
0.3275417805907454,0.3147622509308453,-0.43576173078956165,-0.140013640672487
0.3275417805907454,0.3147622509308453,-0.43576173078956165,-0.140013640672487
0.5997965264645619,0.44857165377588326,1.2023611230311262,1.7895649732076964
0.5997965264645619,0.44857165377588326,1.2023611230311262,1.7895649732076964
0.3275417805907454,0.3147622509308453,-0.42159928536748076,-0.140013640672487
0.3275417805907454,0.3147622509308453,-0.42159928536748076,-0.140013640672487
0.3011945471190857,0.5110160417702343,-0.3805281936434462,-0.140013640672487
0.3011945471190857,0.5110160417702343,-0.3805281936434462,-0.140013640672487
0.18702320207522719,0.207714728654815,0.5645789975234174,-0.06647721478135454
0.18702320207522719,0.207714728654815,0.5645789975234174,-0.06647721478135454
0.4592779479490437,0.7429523400349667,-0.4980764906467175,-0.140013640672487
0.4592779479490437,0.7429523400349667,-0.4980764906467175,-0.140013640672487
0.3011945471190857,0.5110160417702343,-0.04771072622454569,-0.6018739997781961
0.3011945471190857,0.5110160417702343,-0.04771072622454569,-0.6018739997781961
0.3275417805907454,0.6091429371899287,-0.5783303480385091,-0.140013640672487
0.3275417805907454,0.6091429371899287,-0.5783303480385091,-0.140013640672487
-0.12036118842746893,-0.18479285302396287,-0.04771072622454569,-0.4973748682486921
-0.12036118842746893,-0.18479285302396287,-0.04771072622454569,-0.4973748682486921
0.4153658921629443,0.5377779223392418,-0.3300154716380244,-0.3034279204305591
0.4153658921629443,0.5377779223392418,-0.3300154716380244,-0.3034279204305591
0.3802362475340647,0.6180635640462646,-0.04771072622454569,-0.41910802899614175
0.3802362475340647,0.6180635640462646,-0.04771072622454569,-0.41910802899614175
0.3802362475340647,0.6180635640462646,-0.09303055157520448,-0.308158333791977
0.3802362475340647,0.6180635640462646,-0.09303055157520448,-0.308158333791977
0.3275417805907454,0.6091429371899287,-0.04771072622454569,-0.66422944863325
0.3275417805907454,0.6091429371899287,-0.04771072622454569,-0.66422944863325
