Source Port,Destination Port,Packet Length,Anomaly Scores
-0.8929842678162542,1.697308291075356,0.30350965099484056,-0.7832250137555966
1.736225237151023,-0.17877521548440578,-0.07291338107105733,0.530345988295519
1.2517540354103458,-0.6268238855796152,0.018195378282472103,-0.8486063758486386
0.7234922759685121,-0.499787651671952,-1.3124720280651287,1.2593306939853188
1.7234044274818632,-1.6287312875980078,-0.9911937713974197,-0.652811922521882
-0.31543731795790986,-1.3434344255898887,-0.564421161794045,0.7187981496225223
1.003385536408223,-0.20855601611006588,0.2915216563430604,-0.1993379832990188
-1.2277683540689481,0.6117259285916886,0.06614735688959285,0.14714827249886683
-0.8464186430871411,0.42143890987225546,0.41619680072157433,-0.9405598423217404
0.5529366564302945,1.104900264266893,-0.5332523756994165,0.5443313063902875
1.024254040458457,1.5372832708372937,-0.4565292099280233,1.3642205796960813
-1.1479019250043547,-0.052059780147216475,-1.6289550868721256,0.1957472528781868
0.27204437186051933,-0.5748545171628439,0.30350965099484056,1.43974129740783
-0.4614613449689904,0.9818740124901535,0.19322010019846284,-0.5968706501428086
-0.31921140911593093,0.025359608193817326,0.6895230787821626,0.16253212240311193
1.4840271456503198,-0.4419904425582382,-1.0415433489348964,-0.49372892919389205
0.08999997482656111,-0.9506700424730142,1.6293818594817293,0.9236830597108784
-0.024443789406372384,0.9241837362332643,-0.9288561992081628,-1.6150018074419434
-1.5623859362999646,-1.6424186932715608,-0.691493905102915,-1.505217060398012
1.372746957829257,1.2057379482525212,1.4639475332871628,-0.6979145733775098
-0.982230423435341,-0.6631810568999902,-1.4251591777918624,-1.5377329249683482
-0.09304344633746152,-0.669222763310582,1.5910202765960328,-1.5789896133479149
-0.2545523473645403,-0.554590740794576,-0.3534324559227137,-0.7339267674715383
0.24828979810121016,-0.6165583313244505,0.38982321248765794,1.3991838749330021
0.24717977129002747,-0.048477529443591294,1.540670699058556,-1.0776159596504702
-0.7381910289968305,-1.4822867401766737,-0.44454121527624313,0.26777164106624385
-0.9662460373543105,0.8590081599986509,0.6823302819910945,-1.4597647765900148
-1.0892925093739096,0.017874308216093062,-0.0777085789317694,1.3145727004596537
1.3094199282512855,-0.14124178273895982,-0.5476379692815527,-0.9580414899402008
-0.5016443155338031,-1.5068812972463392,1.67733383808885,0.2957422772557804
-0.27741889967490335,1.5153620351882442,-1.3004840334133485,0.27861026258968913
0.8519778793629064,-0.24924396813183847,-0.4301556216941069,-0.9437065388930632
0.19506401250500102,1.1082686492568687,0.7470654531107075,-1.513957884207242
-0.5500414845013676,0.7703608216910307,0.6319807044536178,1.0163357920887188
0.2966314657282155,-1.4914829658635922,0.9580541589820388,0.6904778804806169
1.2752311024668592,-0.7840686515402371,-1.446737568165067,-1.5779407144908073
-0.7930818548098136,-0.543416257256402,-1.2261584665723113,0.5296467223907807
-1.74332030652274,0.10652164652371325,0.3586544263930294,0.9121451722826946
-1.6109496092892064,-0.6664959754615538,1.3248867953265127,0.19260055630686382
1.2130696010406297,-0.266246292366955,-1.4419423703043548,0.2558841206856906
0.5177488065158038,1.3481725135429314,-1.715268648364943,1.162831999131417
-1.7206202582340544,0.5523247266256054,-1.079904931820593,-0.11053121339723965
-0.2428415645065631,-0.7554106459112355,0.332280838159113,-0.5993180808093931
1.3256818210351118,-0.4756208260295851,0.07334015368066096,-1.4464787243999848
-0.7500683158764851,0.7096229590146396,-1.2789056430401442,1.0656340383727771
0.12435530463266481,0.46421205260210835,0.907704581444562,1.2841546336035323
-0.9301701659908737,-1.463894288802837,-0.9720129799545714,-0.34268749377039404
-0.7945248896643512,0.13598164857889947,0.3826304156965898,1.3949882795045714
0.45847337479864914,-1.1591356468526348,0.18123210554668265,-1.3331976478323613
0.2999060448212044,0.8042050708760269,-0.4733124024405156,-1.5160556819214575
1.7306751030951095,1.19809224898956,-0.22875731154419976,-0.5101616779552448
-0.6622651951119358,-1.2913046578878804,-0.9264586002778067,-0.9381124116551559
-0.7509563373254313,0.08861039300558735,-1.5402439264489522,-1.736674074866428
-1.4386179468530966,0.928033319078951,1.4567547364960947,-1.2538309676445512
0.31494690811272963,0.7017099276096168,-0.21676931689241957,-1.1811073135517558
-0.6769730503601061,1.2681332702096941,-0.8737114238099739,1.2526876678903038
0.06774393726234854,-0.00014387815885748365,1.6581530466460017,0.4251064696323876
0.4882220933383447,1.4027617369519063,1.6269842605513734,1.0820667871341298
0.06080626969245683,1.4212076547541554,-0.6507347232868623,1.1201767789423738
1.1287630647313056,0.4967731075052089,1.2673444209979676,1.7002178469228906
-0.000633714306504068,1.4361782547096038,-1.3436408141597573,0.7789350174300261
-1.0618748471376978,-1.0968472577522865,-0.9528321885117231,0.6366344058157586
0.23291592676633013,0.3011929123729564,1.6269842605513734,1.0750741280867462
-1.1183752118268957,0.0692555459203289,-0.08250377679248147,-1.2555791324063972
-0.7502348198981625,0.22425472188763346,-0.3582276537834258,0.9806732309470597
-0.07622654014804403,-0.40039356125345626,-0.8113738516207168,-1.6552095969644025
1.7139691995868105,1.2598459738057852,-1.6361478836631937,0.06708232640631814
-1.33782751239771,-0.1328475534782262,0.5552575386822245,1.3925408488379871
-1.2085648902354877,0.647815767770002,-0.20478132224063939,-0.40806885586343616
-1.5054970622268526,1.0332552501943892,0.8525598060463732,-0.24269246939280045
0.9287362333561882,0.31391792233508764,0.1332801269395619,1.1932500659875385
-0.21575691031370592,1.0479585180077762,0.30590724992519663,1.5271495355001323
-0.10297818629754643,-0.19978752185044604,0.6991134745035867,0.5422335086760722
-1.6159447299395284,0.1443758778396331,-0.5931923489583175,0.47160765229749224
1.4392930651596583,-1.3712904347927055,0.9772349504248872,-0.23639907625015472
0.41262926749680473,-1.2744092665095885,1.226585239181915,-1.5698991565863154
-1.2595706222093317,0.7412750846347307,0.06614735688959285,-0.6867263189016952
-0.08954686188223611,0.9308670397848038,-1.3580264077418935,1.175768418369078
0.9231305979597156,-0.019338325958878987,1.6437674530638655,1.6963718844468292
0.04909548683447964,-0.6506699126515082,0.4257871964429985,0.4338472934416178
-1.5046090407779065,0.1916936669845329,-1.6001838997078532,-1.7272339851524592
0.7289314073433072,1.6695592147293639,0.3634496242537415,1.6086140134021578
0.17957913848900275,0.5157002231631689,-1.0535313435866767,-1.6856276638205234
0.052592071289705056,-1.5773500498937718,-0.7682170708743082,0.5142628724865357
-0.14360516758683223,-1.0648743335617215,0.7302822605982152,0.6729962328621565
0.8438191823007137,1.4105143690716921,-0.5979875468190295,-1.7247865544858747
-0.6618211843874627,-0.872662523419445,0.15246091838241022,-0.07067305682715012
-0.46029581681724857,-0.14268537630609238,-0.03455179818536072,1.1866070398925235
0.6094370211194925,-0.0934962621667615,-0.243142905126336,-1.6303856573461886
-0.30317152169434136,-1.3556247712678968,1.6893218327406303,-1.0936990754594538
0.6440698576283919,0.7714836166876894,1.0731389076391287,1.5495260444517616
-0.386923044598074,0.007929552531402257,0.8717405974892215,0.8100523501908857
1.3545980194664202,0.037656886728650044,1.3872243675157696,0.4796492102019842
1.382681697789342,-1.3550366405553613,1.0060061375891596,1.0946535734194214
-0.7763759513015145,0.7343779153695419,1.6461650519942217,1.0089935000889656
0.8650761957348619,0.3845470742677573,0.588823923707209,1.40442836921854
-0.983062943543728,0.888788960624311,1.2553564263461874,-0.7321786027096923
0.8131269409715128,-1.2848352200499902,0.015797779352116063,-1.5247965057306876
0.6709880077995717,0.7742104045367175,-1.6649190708274664,0.41846344353737247
-1.1808697212964803,0.8489564714571355,-0.09209417251390563,-1.2720118811677499
0.3349273907140177,-1.631992739731159,-0.13285335432995826,0.8299814284759308
-1.4741943061515013,0.7097298918714642,-1.082302530750949,-1.0685255028888707
-0.44092584896211096,1.371430409902289,-1.4395447713739988,-1.2307551927881835
1.5462996497576678,0.7360888410787361,1.5190923086853516,1.5243524718811787
0.06224930454699431,-1.3855125047503816,1.2553564263461874,1.63413721892511
0.12507682205993353,-0.6791675189952727,-1.1158689157759336,-0.2108758707272026
1.4692637890615903,1.3860802112872637,-0.7873978623171565,1.5830908078792054
0.08594837696574435,-0.9003046669086123,-0.5788067553761812,-0.42764830119611164
0.19223344413648522,-1.6812353202989023,0.26994326596985607,-1.0143323952716434
1.0796998796770316,1.3816424977290414,-1.2837008409008563,0.46950985458327693
-1.4256861345028184,0.9157895069725307,-1.5138703382150358,-0.5210002994786903
0.4610819378049284,-0.21903543607887985,1.3272843942568686,0.4761528806782918
0.5643699325854761,-0.3501885849742914,-1.5138703382150358,0.2856029216370734
0.8817820992431611,1.6510063640702901,-1.3748096002543857,0.9138933370445406
-0.9785673349584382,-1.5768153856096487,0.001412185769979839,-0.17451404368080498
-0.9378848523285932,1.0153974631046756,1.1666452659230142,-0.5468731379540118
0.36045800737121914,0.17731119774161985,-1.1614232954526984,-1.238447117740306
-0.3072231195551581,-1.5441473978497235,1.092319699081977,1.473306060835274
-0.7955794151349747,-0.8098929364633858,0.6655470894786022,1.0086438671365963
1.0261410860374676,-0.9466065939136782,1.1738380627140823,-0.34443565853224023
1.1935331291638145,0.9113517934143084,1.032379725823076,-1.04684825984198
-0.6754745141650096,-1.246072059451061,-0.12566055753889016,1.3659687444579272
0.5938966457629351,1.2070211425344168,0.31070244778590866,0.8513090385704525
-0.34568554856263767,0.3359460908409619,0.7902222338571162,-0.8188875748972558
1.5793229473903523,1.2350375510224705,-1.4874967499811196,0.3786052869672827
-0.2999524439419116,-1.3720389647904778,0.48093197184118736,-0.3175139211998111
1.382293188405428,1.5898942363950128,-1.1782064879651906,0.5768471709606241
-1.255130514964601,0.34925923151562865,0.1069065387056455,-0.629386514713145
0.7362575842971129,-0.7509729323530133,0.6775350841303824,0.0024002302180145493
-0.2518882830177019,0.2999097180910608,-0.22635971261384374,0.4827959067733067
0.4955482702921504,-1.650759456103882,1.2457660306247633,0.14854680430834363
1.381460668297041,-1.0572286342987602,0.32748564029840094,-0.8542005030865459
0.9222980778513287,0.4627149926065635,0.4449679878858468,-0.6458192634744977
0.6487319702353591,0.5894838943721652,0.5336791483090202,-0.30912273034295
1.654804770550774,-1.5142061979388266,-0.8785066216706859,1.2037390545586144
1.444565692512776,0.5751014251292521,-1.3364480173686892,0.8516586715228219
0.3223285864070944,0.6288886521120421,0.8885237900017138,1.2754138097943022
-0.5191827391504893,1.7248435017076988,0.9748373514945311,-0.36890996519808467
0.995559847389385,0.35465934078527256,0.10930413763600152,1.3470885650299897
-1.1543955818497735,-0.9911975952095499,1.4663451322175187,-0.49512746100336885
0.8556964691803683,1.1546775091187593,-1.3100744291347728,-1.0230732190808736
0.8318308927399408,-1.1360381497785144,-0.34863725806200163,-0.17136734710948198
-1.6729446066937588,0.0404906074345028,0.9868253461463112,1.4904380755013655
-0.5617522673593448,1.3674204277713653,0.838174212464237,0.37406005858648317
0.6122675894880083,0.842112768620359,-1.3196648248561968,1.2233184998912903
-1.652298108005761,-1.0518285250291164,1.6197914637603053,0.1562387292604662
-1.3464857215249348,1.5875951799732833,1.351260383560429,0.7736905231444883
1.197418223002954,0.6797886919605671,1.1690428648533702,-0.3311496063422102
0.6794797129051191,-1.3049385971330212,0.38982321248765794,1.5774966806412982
0.7980860776799876,-0.7138672310348659,0.2723408649002121,-0.29793447586713556
-1.105165892773822,0.802547611595245,-0.5572283650029769,-0.5161054381455215
1.5386404647605074,-1.2239904245167743,-1.4179663810007943,1.5365896252141007
0.09083249493494812,-0.7504917344973024,-0.816169049481429,0.6971209065756317
0.6695449729450342,0.040116342435616584,-0.8377474398546333,-1.1751635533614793
0.5026524418837195,-0.7047779382047722,-1.3724120013240297,-1.6562584958215099
0.4205104578562017,-0.13183169133839218,-0.2862996858727447,-0.4245016046247889
-1.6923145745488963,-0.15118653842365065,-1.2908936376919244,-0.24269246939280045
0.4772883292481954,-1.3374996520361215,-0.23834770726562393,-0.23779760805963152
1.4614936013833115,0.7804125102325461,1.0227893301016517,0.257981918399906
-0.24850270124359475,-1.105401886298257,1.0036085386588036,-1.2779556413580264
-1.5748737379257696,1.3052924379562538,1.6125986669692371,0.7722919913350113
-0.13022934451208104,0.39524035995022055,0.905306982514206,0.7890743730487334
-0.8045706323055544,-0.6903954689618591,0.4401727900251347,1.227514095319721
-0.9990473296247585,-0.07087996294835176,-0.48290279816193976,0.6376833046728663
-1.7400457274297512,-1.650064392534522,-0.7778074665957324,-1.1943933657417856
-1.2965900163622737,1.5672244707481908,1.415995554680042,1.1687757593216936
0.5305696161849637,0.5257519117046843,-1.581003108265005,0.09680112735770091
-1.5986283116850788,0.5326490809698731,-0.9144706056260266,-1.5800385122050224
-0.2426195591443266,1.2473348295573032,-1.1662184933134105,-0.27730613167735213
-1.1869193674174257,-1.2937106471664346,-0.32466126875844126,-0.12416689853963879
-0.6892388466236747,-1.3819837204751686,-1.2165680708508873,-1.416060657543864
-0.5714650019571932,-1.603067401960096,0.5648479344036487,0.11183534430957685
0.8279457989008016,0.9973258103013128,0.5528599397518685,1.3701643398863579
-0.5840083049235574,-0.6928549246688257,0.6104023140804133,1.5236532059764403
0.9940058098537292,0.6896265147884333,0.8141982231606766,-1.698214450105815
1.3227957513260367,0.6947058254876034,1.3224891963961565,-0.08535764082665669
-1.0861844343025981,-0.9075761011726874,-1.2860984398312123,0.8313799602854074
0.2979079965610756,-1.5641973085043421,-1.6529310761756861,1.122274576656589
0.56475844196939,1.216858965362283,-0.19998612437992733,-0.5734452423340716
-1.1703244665902448,-1.421602343928695,-0.20238372331028334,1.5771470476889293
0.988511177138375,-1.6337036654403532,-0.8401450387849894,0.6789399930524326
0.8837801475032899,-0.06553332010712015,0.1644489130341904,1.4449857916933684
-0.3708276558359252,0.548207811637857,0.6847278809214505,-1.2129239122173536
-0.868397173948558,1.7166631381606146,-0.9983865681884878,-1.4489261550665693
0.3877646669263129,1.3363564328638096,-1.7320518408774352,-0.4748487497659548
-1.3003086061797358,-0.8528264784784756,0.9988133407980915,0.12127543402354535
0.5397273373772207,-1.2358065051958962,0.20520809485024302,0.027224169836228374
0.16120819476392953,-0.2661928259385427,1.1954164530872866,1.551623842165977
1.444565692512776,-1.5629141142224465,0.8213910199517447,0.5219547974386581
0.5917320934811289,0.9813928146344426,-1.012772161770624,1.5177094457861637
-0.9653580159053644,1.2804305487445269,0.2291840841538034,0.12127543402354535
0.2952994335547963,-0.6484777890866033,0.8189934210213886,0.5355904825810573
-0.7985209861846088,0.4388154991062582,0.2531600734573638,-0.5391812130018893
0.2961319536631833,-0.41397403407018457,1.3009108060229522,1.1967463955112303
0.09294154587619519,-1.6696865717618419,-0.6435419264957942,-0.8251809680399017
-0.787809227456696,-0.3158096715051721,-0.693891504033271,-0.7968606988979958
1.3150255636477581,-0.603779854933907,-0.9192658034867386,1.3617731490294966
-1.481187475061952,-0.28822099444441696,-1.583400707195361,-0.8821711392760827
0.5682550264246153,-0.6568185519189246,-0.6866987072422029,0.9020058166639878
-0.1265107546946191,-0.9489056503354077,-0.29109488373345677,-1.074119630126778
-0.1237356876666624,0.7619131260018848,0.47613677398047527,-1.4933295400174589
1.5694437087708264,1.1683649147923123,-0.24793810298704808,0.9659886469475529
-1.4088137269728418,0.6196389599967115,-0.32945646661915334,-1.3821462611640507
-0.054192507946067996,-1.6186795990564924,0.4521607846769149,-1.2272588632644914
-0.2567724009869057,1.41762540405053,0.7974150306481843,0.42755390029897183
1.541415531788464,-1.649422795393574,-1.2932912366222804,-0.08990286920745648
-1.1245913619695187,1.6210116977309807,0.14287052266098604,1.355479755886851
-0.3070566155334807,1.0537328922763063,-0.8305546430635652,-0.1975898185371726
1.0290826570871017,0.38705999640313615,0.6367759023143298,-1.6758379411541857
-0.9466540641369363,-0.46086409178778587,-1.5594247178918006,-0.19269495720400368
1.2879409094549008,-1.5733935341912606,0.329883239228757,1.1415043890368954
1.3616466897174302,-1.0826251877946105,1.3656459771425653,1.691826656066029
-0.5602537311642481,-0.21144320324433094,-1.2357488622937356,0.6660035738147722
0.9350078848393703,-1.5756925906129902,-0.25992609763882824,1.409323230551709
-0.3584508568912384,-1.2707200829491387,-1.254929653736584,-0.6272887169989296
0.03200107394226649,-1.059206892150016,1.0611509129873484,-1.2499850051684898
1.1049529896314374,-1.3407076377408607,0.52169115365724,1.4033794703614322
-0.39041962905329936,-0.7790962736978916,0.38023281676623377,1.189404103511477
0.23857706350336177,-1.2359669044811332,0.3418712338805372,0.32406254639768634
0.3440851119062748,1.2962566115545724,0.7230894638071471,-1.5363343931588715
-1.3418236089179676,0.7862403509294886,-1.3652192045329616,0.27546356601836636
-1.7325530464542682,-0.19117942687606312,0.2100032927109551,1.2320593237005204
0.8490918096538315,0.5346808052495411,-0.31027567517630505,1.0152868932316113
0.7411417022663166,1.4909278774038157,-1.6121718943596335,-1.7440163668661814
1.3095309309324037,0.5788440751181142,-1.1158689157759336,-1.0146820282240125
-1.4678116519872009,-1.6708628331869129,-1.6409430815239059,1.241499413414489
0.35024576070833857,-0.49230235169422776,-0.17601013507636695,-0.5528168981442885
-0.24711516772961642,-1.6217271854759943,-1.3676168034633176,1.4054772680756475
0.9359514076288755,0.3765805764343222,0.5936191215679211,0.4918863635349063
1.492740856118104,-1.498219735843544,0.7686438434839119,1.0876609143720375
0.5247974767668138,1.2191045553556004,1.3848267685854134,0.3684659313485757
-0.738413034359067,-1.505330770822382,1.7061050252531225,0.41426784810894207
-1.3314448582334097,0.20933758836059724,-1.2429416590848037,-0.2842987907247364
-0.6821901763726648,0.00857114967235005,1.0060061375891596,-0.847557476991531
-0.47145158626963446,0.9991971352957438,-0.40617963239054655,0.8541061021894061
-0.5636393129383553,0.3849748056950558,-1.0343505521438283,0.5355904825810573
0.9412240349819933,1.5773296257181186,0.6895230787821626,1.2621277576042724
0.34658267223143574,1.1869177654513858,0.2675456670395,-1.567451725919731
-1.405872155923208,-0.3839259013024629,-1.389195193836522,0.7502651153357512
-0.8209990291110579,0.24441156539907663,0.1260873301484938,-1.5901778678237295
0.9593729733448298,0.14656800140453807,-1.4275567767222186,0.6569131170531726
-0.7841461389797931,-0.7619870166059505,-1.2597248515972959,-1.5838844746810838
-0.8464186430871411,0.7052387118848297,-0.564421161794045,0.03176939821702817
-0.36611004188839885,-0.11017778783140414,0.4497631857465589,0.5167103031531198
0.822340163504329,-0.9862252173672045,-1.0535313435866767,-0.22521082177434004
-0.5774036453970205,-0.5803615592893124,-1.012772161770624,1.2701693155087643
-1.0638728953978265,0.5689527858618357,0.7494630520410636,-1.4181584552580793
-0.7875872220944594,-0.12103147279910433,-0.14963654684245054,0.9806732309470597
3.230178020553529e-05,-1.0380341864987388,-0.9216634024170947,-0.980068365939461
-1.1248133673317553,-1.0280359643856356,-0.39898683559947845,-0.05738700463712011
-1.3867241934303067,0.7905711316308862,1.1714404637837261,0.3586762086822378
1.0995693595972014,1.0229362295108122,-1.3580264077418935,0.9995534103749967
0.2706013370059819,-0.899395737625603,1.5694418862228283,0.0520481094544422
0.39320379830110797,-1.495706813708165,-1.194989680477683,0.03037086640755112
1.2961551078576525,-1.3974889847147403,1.276934816719392,-0.6461688964268669
0.34341909581956515,1.1215817899315357,-1.6936902579917388,-0.3524772164367319
-1.4751933302815656,-0.6335606555595671,0.36584722318409757,0.14155414526095939
-0.6961765141935664,0.7492950488965782,-1.4443399692347108,-0.708403561948586
-0.6416741977644972,0.9471743004505603,1.0443677204748563,-0.24059467167858536
1.4752024325014177,1.4528597803742465,0.49531756542332356,-1.1223689775537289
1.6749517571737396,-1.023491317970589,1.351260383560429,-0.09724516120720988
1.517660958029155,0.18308557201015,0.1716417098252585,0.7520132800975973
-1.6505220651078687,1.3378534928593544,-1.65053347724533,1.632738687115633
1.174662673373709,-1.3479256055765232,-0.35583005485306973,0.3464390553493157
1.2591357137047106,1.0511130372841029,0.9916205440070234,-0.7444157560426146
0.121524736264149,-0.9776705888212338,-0.6339515307743702,-0.32590511205667216
1.547187671206614,-0.6373567719768415,1.0227893301016517,1.255135098556888
0.3139478839826652,1.0735154707888634,-1.5210631350061041,1.291846558555655
0.40569159992691306,-0.09916370357846702,1.3392723889086489,1.0075949682794887
0.3020150957624515,0.3193714980331439,0.9220901750266983,-0.9209803969890648
-0.2650976020707757,-0.44594695826074965,0.5912215226375651,-1.5125593523977652
-0.02916140335389874,0.9711272603792779,0.2723408649002121,0.06883049116816409
-1.0127561607428646,0.20858905836282482,0.711101469155367,0.813898312666947
-1.7314430196430854,-0.2188750367936429,1.3344771910479367,-0.7608485048039673
-1.087793973178813,0.47864798827343374,0.7734390413446239,-0.5790393695719791
1.0503396705212498,-1.3106595049731389,-1.0007841671188438,0.5918813879124999
-0.5295059884944882,-0.667030639745677,-0.7778074665957324,-1.6048624518232364
0.606328946048181,-1.0861539720698234,-1.4251591777918624,-0.34058969605617895
0.08850143863146451,-0.3832308377331028,1.1067052926641132,-1.3485814977366066
-0.6878513131096964,-0.2095718782498999,-0.3630228516441379,0.8065560206671938
-0.2828025297091393,-0.048637928728828245,1.1906212552265745,-1.2828505026911954
-0.39769030466654587,0.7928167216242035,0.6871254798518066,1.4351960690270307
1.7405543417146354,-1.1471057004598637,-0.020166204603224498,-0.391286474149714
0.5779677610224637,0.5109417110344727,0.14287052266098604,1.3736606694100497
0.6597212356660676,0.3315083772827397,0.1836297044770387,1.0876609143720375
-0.41750428324615657,1.3783275791674778,1.1810308595051504,-0.731828969757323
1.096905295250363,0.4510058447842663,-1.25732725266694,1.2855531654130095
-0.9755147612276859,1.2143460432269042,-1.0990857232634414,1.5306458650238242
0.720550704918878,0.9651390203970985,-0.005780611021088273,0.35552951211091505
-1.3391595445711293,0.6536970748953569,0.9172949771659862,-1.2076794179318155
0.9873456489866332,-0.3555886942439353,-0.559625963933333,0.8338273909519921
0.026228934524116596,0.32284681587994446,1.1067052926641132,1.3726117705529421
-0.8524682892080866,-0.7271269052811203,0.9268853728874104,-1.181456946504125
0.12868440919627724,-0.011211428840206929,0.013400180421760027,0.6579620159102803
0.15815562103317718,-0.6979342353679957,1.3752363728639894,1.1149322846568355
-1.1316955335610879,-0.5295149858691998,0.6032095172893452,0.9411647073293389
1.2044113919134047,-1.1529870075852187,0.6080047151500574,-1.7677914076272876
-1.0817998283984267,1.5185165544645707,-0.18799812972814714,-1.3283027864991925
-0.008903414049814975,-0.8514898177681677,-0.0009854131603761985,1.5058219254056107
1.5097797676697577,0.6708597984157103,1.1930188541569304,-0.9751735046062922
0.27842702602481967,-0.23550309602987324,0.77583664027498,1.4236581815988467
1.7837343846696414,-0.29912814584052944,-0.5524331671422649,-0.5930246876667473
-0.9684105896361167,-0.4412953789888781,0.780631838135692,0.8530572033322985
1.4668217300769884,-1.69134047526883,-1.3556288088115374,-0.7094524608056937
-0.15509394508257288,-1.001730481606776,-0.022563803533580538,-0.29723520996239705
1.5361429044353463,-1.6197489276247385,-0.29828768052452487,-0.34058969605617895
-0.3973572966231911,-1.5084318236702965,-1.0079769639099119,0.8341770239043615
1.5603969902596877,-0.8974174797743473,-0.9935913703277758,0.3733607926817446
0.043711856800243684,-0.31003529723664197,0.5121007579358159,1.4802987198826583
0.9561538955924002,1.4301900147274245,0.5936191215679211,-0.9898580886057988
0.6086045010111055,-0.9754784652563289,-1.3052792312740606,1.6411298779724943
0.739698667411779,0.7616457938598232,0.8357766135338809,-0.7507091491852602
0.8878317453641067,0.7592932710096812,-1.6433406804542618,-0.8902126971805745
0.3572389296187894,1.3922823169830922,0.40900400393050623,1.1404554901797876
0.296409460365979,-1.1494582233100057,-0.6339515307743702,0.4460844467745399
0.4855580289915063,-1.6665855189139276,0.1836297044770387,0.2128792675442781
-0.562640288808291,1.5194789501759924,1.3848267685854134,-1.0625817426985942
-0.6379556079470352,0.6051495578969738,-1.581003108265005,-0.8604938962291917
0.6372431927396185,-1.4720746523499213,0.5624503354732926,-0.6248412863323451
-1.6472474860148798,0.4170011963140332,0.7182942659464351,1.2558343644616263
0.5032074552893108,1.1504536612741862,0.15725611624312227,-1.1548848421240652
1.4829726201796962,-0.22785739676691202,-0.5140715842565683,0.2995882397318417
0.3801609832697116,-0.5626107050564235,0.9556565600516828,-0.8695843529907912
0.43405278495263033,-1.111283193423612,-0.5788067553761812,-0.17276587891895878
-0.7272572649066812,1.1695946426457955,0.38982321248765794,-1.2132735451697232
0.9484947105952397,-0.9650525117159272,1.1978140520176426,-0.8636405928005146
-1.402264568786864,1.3041696429595953,0.9700421536338191,1.3712132387434655
-0.2261356609982639,1.2553013273907383,-0.29828768052452487,1.4921862402632113
1.0251975632479624,1.0371582994684883,0.12848492907884984,-0.9083936107037733
1.5232665934256273,-1.5905027912832017,0.9196925760963423,-1.7744344337223024
-0.7129934203829839,0.3293162537178347,-1.2453392580151597,-0.6468681623316054
-0.5551476078328079,1.587862512115345,1.025186929032008,0.964240482185707
-0.4424798864977667,-0.4445568311220294,-0.17840773400672297,0.2534366900191062
1.1470230057752606,-0.3898072084278177,-0.370215648435206,0.7485169505739053
1.2595242230886243,1.5861515864061506,0.9532589611213268,-0.25877558520178406
-0.6602116455112478,-0.8898252469397984,-1.1182665147062898,0.7086587940038156
-1.2578500806519985,-0.383605102731989,0.14047292373063003,-0.9769216693681382
-0.726757752841649,0.9657271511096339,1.6581530466460017,1.4726067949305357
-0.5227348249462739,-0.8214951514288583,-0.30548047731559297,-1.1073347606018529
0.7251573161852861,-0.8476937013508933,-1.0247601564224043,-0.06577819549398119
1.3721919444236657,1.4816247188600726,1.5262851054764197,1.2026901557015068
1.4797535424272665,1.489323884551446,0.37304001997516567,-1.0919509106976077
-1.435953882506258,1.2785592237500958,0.9364757686088345,1.007944601231858
-0.396080765790331,0.26365947962751046,1.5023091161728594,-0.545474606144535
-0.6222487285688004,-0.8320815042544969,-0.9000850120438902,1.1495459469413873
-1.442170032648881,-0.8898252469397984,0.12368973121813776,-0.4661079259567246
-1.057046230509053,0.6817134833834105,-1.3532312098811814,-1.0888042141262848
-0.48582643347445004,0.43908283124831976,-1.135049707218782,0.3639207029677761
-0.3259270713235861,-1.3834807804707134,-1.6073766964989213,-1.3230582922136545
1.6259440734600246,-0.23694668959700577,1.288922811371172,1.3879956204571873
1.689770615103028,1.524825593017224,0.5744383301250728,0.20938293802058597
-1.2488588634814188,-0.2675294866488506,-0.34144446127093353,-0.41506151491082016
-0.837260921894884,-1.5131903357989924,-0.32466126875844126,1.1009469665620673
-1.4130873301958953,1.1731234269210085,-1.132652108288426,-0.7430172242331378
1.2857763571730947,-1.5007861244073353,-0.48290279816193976,0.4030795936331274
1.3792406146746756,0.8054347987295101,0.16205131410383436,1.3208660936022991
0.2075518141308061,-1.6602764803612742,1.3920195653764815,0.04190875383573518
1.3837362232599655,0.8394929136281555,1.5910202765960328,-0.7262348425194157
-0.5777921547809344,0.12058331719615241,1.4903211215210792,1.1733209877024933
0.6881379220323439,0.4341104534059744,-1.389195193836522,-1.2426427131687365
-1.6213838613143237,-0.5752822485901424,1.6317794584120855,-0.934616082131464
1.2362136600537883,0.16009500779285404,1.408802757888974,-0.21402256729852537
-0.4647359240619793,0.8832819184978424,0.5144983568661718,-0.5870809274764708
-1.1663283700699871,-0.553735277939979,-1.6745094665488904,-1.2968358207859638
1.246869917441142,1.1567626998268397,-0.7754098676653763,0.18735606202132574
-0.7212631201262948,1.2820345415968963,-0.9840009746063516,0.4387421547747865
-0.414340706834286,-0.6562304212063891,0.006207383630691914,-0.976572036415769
-0.9447670185579258,0.5327025473982854,1.1738380627140823,1.388694886361926
-0.4395383154481326,-1.4958137465649897,0.4066064050001502,-1.7398207714377507
-1.255963035072988,0.733201653944471,1.0563557151266363,-0.9531466286070319
0.4908861576851831,-1.3201230628021188,0.9172949771659862,-0.41541114786318956
0.13023844673193297,1.426233499024913,1.0155965333105836,-0.19654091968006493
-0.719265071866166,0.9210826833853499,-0.16402214042458677,1.1040936631333904
-0.5105800313638236,-0.9016947940473325,1.5047067151032154,1.6351861177822178
-0.8425890505885608,-0.7784012101285315,0.025388175073540215,-0.3482816210083015
-1.4495517109432459,1.0059339052756957,-1.7032806537131628,0.6831355884808632
1.0540582603387119,-0.42718024188802667,-1.0391457500045405,0.8383726193327916
-0.2965668621678044,0.9273382555095909,0.7542582499017756,0.5174095690578586
-0.15831302283500265,0.24008078469767902,0.6343783033839737,-0.5409293777637353
-0.9631934636235582,1.1448396862908932,0.6415711001750418,1.3593257183629124
0.2421291492991463,-1.5181092472129256,-0.8521330334367695,0.6415292671489276
-1.192025490748866,0.6818204162402351,-0.6507347232868623,0.24469586620987593
-0.6131465087171025,-1.0577098321544711,1.540670699058556,1.6656041846383385
0.40630211467306354,-1.1573177882866161,-1.5138703382150358,0.38350014830045165
0.6691564635611202,-1.0244537136820104,-0.05133499069785299,-0.011585087876753736
-1.3549774266304824,-1.4895581744407487,0.6343783033839737,1.5400859547377932
-1.3123523970810678,-0.6580482797724079,0.5456671429608003,0.9950081819941972
-1.6998627568649385,0.18907381199232942,-0.1544317447031626,0.3401456622066697
-0.2877421490189022,0.29969585237741153,-0.49968599067443203,-0.9625867183210006
-0.6639302353287098,1.1967021218508398,-1.4994847446328996,0.15204313383203577
0.8951579223179124,-0.4224751961877428,-0.943241792790299,-1.4188577211628175
0.5607068441085732,0.6099615364540822,0.7878246349267601,1.0418589976116712
-0.3194334144781675,-0.11311844139408153,1.1378740787587416,-1.7377229737235356
-1.2550750136240418,-1.5637695770770437,1.356055581421141,0.8520083044751908
1.4735373922846435,-1.3885600911698837,-0.7802050655260884,-0.3542253811985781
0.5056495142739127,0.0034918389731800155,1.1522596723408778,0.6352358740062816
-0.26371006855679735,1.5208690773147127,1.3296819931872246,-1.5747940179194844
1.6356568080578728,0.006539425392682037,0.8118006242303205,-0.16262652330025176
-0.0829422023556992,-0.8635197641609389,0.2100032927109551,-1.3660631453550671
0.1826317122197551,0.3402768715423595,-1.6361478836631937,1.350934527506051
1.4421791348687332,0.9755115075090878,-0.7682170708743082,0.973330938947306
0.3066772083694187,1.1213679242178862,0.7686438434839119,0.8915168280929117
0.47012865631606715,1.1009972149927938,0.11170173656635757,1.548477145594654
-0.9819529167325454,-0.9267705489727088,-0.9552297874420792,1.432748638360446
-0.5594767123964204,1.6783277089889839,0.9484637632606147,1.2907976596985473
-1.257239565905848,0.16303566135553144,0.2555576723877198,-1.1968407964083703
-1.5738747137957052,-0.43151102258942425,-0.05133499069785299,-0.8087482192785489
-1.4953403169045312,1.7213147174324859,0.2531600734573638,0.8999080189497725
0.3772194122200775,0.13133006930702795,-1.072712135029525,1.3834503920763876
-0.9785118336178791,1.6189265070229004,-1.1830016858259027,0.4072751890615578
0.7544620240005087,0.49789590250186755,1.475935527938943,-0.2916410827244896
0.2315283932523518,-0.7554106459112355,0.9868253461463112,-1.5006718320172123
0.13018294539137384,-1.056480104300988,1.674936239158494,0.8799789406647274
-0.7288668037828961,-1.2118000788387664,0.13088252800920586,0.818443541047747
-1.739934724748633,0.13394992429923144,1.5742370840835405,1.4268048781701692
0.07912171207697093,1.0255026180746034,-0.13764855219067035,0.84361711361833
1.3613691830146346,0.6713409962714212,0.6319807044536178,1.0156365261839806
-0.4067370231776847,-0.14503789915623427,-1.331652819507977,0.4492311433458629
0.4589728868636813,-0.27469398805610096,0.77583664027498,-0.05773663758948925
-1.5345797646798387,-0.2096788111067245,-0.8689162259492618,0.9757783696138908
0.9958928554327398,1.2223660074887515,-1.386797594906166,-1.6188477699180046
-1.5598883759748035,1.5458913658116766,-1.4419423703043548,0.5586662574374249
-1.0017668953121561,-0.1550361212693374,1.2050068488087107,1.5456800819757004
1.2619662820732263,-0.7712367087212811,0.40181120713943813,1.714552797970028
-0.3673865727212589,-1.5280540028976164,0.7614510466928438,-0.7479120855663066
1.4639911617084727,0.8451068886114487,1.0635485119177044,0.652717521624742
-0.9853384985066524,-0.9175208568573782,0.9005117846534939,-0.8496552747057463
0.4353293157854904,-0.8539492734751343,0.30830484885555265,-1.7649943440083338
1.5971943790503933,-0.670933689019776,-1.7272566430167233,0.9037539814258337
0.01701571199130042,0.8202449993997217,1.2289828381122712,-1.3901878190685424
1.2545291024383023,0.9547130668566969,-0.4637220067190915,-1.3838944259258965
-1.4572663972809654,0.4947413832255409,-1.1662184933134105,0.8988591200926649
0.8161795147022652,-0.12766130992223154,0.11170173656635757,1.1596853025600942
0.2722108758821967,1.5823554699888762,1.6965146295316984,1.5781959465460365
1.41675952089265,0.7862403509294886,0.7926198327874723,1.0624873418014542
-0.9158508201266172,-1.4009643025615408,1.5742370840835405,-1.2741096788819652
1.495349419124383,1.7018529374904028,-0.8665186270189058,-0.9839143284155223
-0.22236156984024283,1.701692538205166,0.8861261910713577,1.2603795928424264
-0.07955662058159205,-1.0004472873248806,0.39941360820908206,-0.27380980215366
-1.2276573513878297,1.0524496979944107,1.0563557151266363,-0.5265944267165978
0.8624676327285826,0.7615388610029985,-1.4203639799311505,0.8313799602854074
-0.599604181620674,1.2373900738726125,1.1786332605747942,-0.9856624931773684
-0.6925689270572227,0.3729448593022847,1.5670442872924724,1.623997863306403
0.9742473326146777,1.161735077669185,1.6653458434370698,-0.016479949209922674
0.6313045492997912,-0.20791441896911808,1.0419701215445,-1.5992683245853292
1.456609483414108,-0.33906756786452963,1.032379725823076,-0.7874206091840271
0.23091787850620132,1.395116037688945,-1.3796047981150978,-0.17626220844265092
-0.5544815917460983,0.9825690760595136,0.6895230787821626,0.64922119210105
1.401829660282243,0.9932623617419768,0.5984143194286332,0.7376783290504598
0.10925894000058047,1.7230791095700924,0.6271855065929056,1.3390470071254983
0.11225601239077368,0.914666711975872,-0.4637220067190915,-0.7531565798518447
0.3266576909707068,-0.7061145989150801,0.7350774584589274,-0.6325332112844677
0.6022773481873642,1.0363563030423035,1.2074044477390666,-0.4444306829098338
1.4229756710352728,-1.6227965140442406,-1.4803039531900515,-1.4527721175426307
-1.302528659802101,0.3964700878037038,0.588823923707209,1.2355556532242125
-1.4573218986215246,-0.29939547798259103,1.0635485119177044,1.6981200492086752
-0.2420090443981761,1.2222056082035146,-1.386797594906166,0.3803534517291289
-0.48804648709681536,1.3690244206237348,0.23877447987522757,-1.428297810876786
-1.5589448531852983,-1.475870768767196,0.9364757686088345,1.067382203134623
0.9663661422552807,0.41582493488896227,0.09491854405386531,-1.1408995240292967
0.2990735247128174,0.4152902706048391,1.0108013354498717,-0.48708590309887717
1.2449273705215722,-1.2604010622655617,-1.2261584665723113,-0.025220773019152883
-0.0279403738615978,0.009800877525833323,-0.4709148035101596,0.006945458598814348
1.2059099281085013,-0.8305844442589521,1.0755365065694846,-0.9730757068920768
-0.018949156691018158,-0.4093224547983131,-0.4157700281119707,-1.4730508287800446
-1.6211063546115279,-0.15813717411725173,1.3752363728639894,-1.5964712609663751
-0.521957806178446,1.2646579523628936,-1.6193646911507016,1.632738687115633
1.732506647333561,0.6885037197917747,-0.35583005485306973,1.1226242096089585
0.6916900078281285,0.3004978488035963,0.48572716970189944,-1.2943883901193791
1.4680427595692893,-1.1436838490414756,1.2313804370426271,0.8432674806659606
0.3354269027790499,-1.0910194170553442,0.02299057614318418,-0.24129393758332365
0.11392105260754769,-0.8656584212974315,-0.003383012090732236,-0.03570976159022928
-0.853855822722065,1.5326316915654221,-1.3484360120204693,1.4117706612182936
0.03677418923035198,-1.2723775422299206,-0.626758733983302,1.36037461722002
1.401774158941684,0.5756360894133753,-0.010575808881800349,1.2694700496040254
0.8024151822436001,-0.23502189817416239,-1.453930364956135,-0.325555479104303
-0.056912073633465544,-0.8787576962584489,1.6221890626906612,-0.13885148253914562
0.20927235568813923,-0.3117996893742484,-0.4637220067190915,-0.5164550710978908
1.3442192687818624,-1.3312440799118805,-1.446737568165067,0.42825316620371034
1.5441350974758616,0.36695661932010526,0.9652469557731069,0.6841844873379709
0.8083538256834274,-0.4229029276150414,0.23877447987522757,-0.6685454053784964
-0.799464508974114,0.9338611597758936,0.09731614298422134,1.692875554923137
-1.3579744990206755,-1.2221190995223434,0.4473655868162028,0.5495758006758259
1.6051310707503494,-0.95772761102344,-0.31746847196737316,-0.5126091086218293
0.03127955651499775,-1.3365372563247,-0.49968599067443203,-1.3622171828790057
-1.5021669817933045,1.1362315913165102,-0.024961402463936574,0.31462245668371763
-0.1765729638789576,-0.5169503751923055,-0.5764091564458252,-1.1807576805993865
-0.09948160184232102,-0.00757571170816943,-0.9983865681884878,0.8708884839031282
1.3292339068308963,-0.7916608843747859,-1.5905935039864292,-0.3084234644382117
1.3638112419992365,-0.7471768159357389,-1.3556288088115374,-0.4342913272911268
0.9992229358662879,-1.2069346338532456,-0.24074530619597995,-1.1304105354582206
-1.7028043279145726,-1.4083426696824406,0.7614510466928438,-0.6755380644258805
-1.5606653947426314,0.8347878679278717,0.780631838135692,-0.9713275421302309
-0.4555227015291631,0.6354115563783447,-1.1110737179152217,-1.4310948744957397
-1.2823261718385763,1.1794324654736617,-1.0607241403777448,0.28280585801811975
0.01629419456403168,-0.7547155823418754,-0.2958900815941688,1.5809930101649905
-1.4906227029570047,1.025074886647305,-0.7226626911975436,-1.5653539282055158
0.8837801475032899,-1.673268822465467,1.6269842605513734,-1.5901778678237295
-1.441670520583849,0.854623912868841,-0.0393469960460728,-0.6619023792834814
-0.7988539942279635,1.1260729699181702,-1.274110445179432,-0.17486367663317412
-0.2749768406903015,0.1006938058267708,-1.52346073393646,1.0726266974201615
-0.7439076670744214,-0.6550006933529058,-0.7706146698046643,-0.21157513663194089
-0.7538424070345062,0.7288708732430734,1.5023091161728594,0.5041235168678284
-0.9557007826480751,-0.5504203593784154,0.16924411089490246,-1.3300509512610386
-0.051139934215315645,-0.6504025805094467,-1.4755087553293393,0.8544557351417755
0.44287749810153254,1.6391902833911682,1.0395725226141441,-0.10179038958800944
0.449704162990306,0.0385123495832471,1.2385732338336952,-1.674789042297078
-1.5901366065795313,-1.7053486795128567,-1.329255220577621,1.3677169092197732
-0.47794524311505304,1.1080547835432195,-0.8904946163224662,1.295692521031716
0.8106848819869109,1.4741928853107606,1.4711403300782309,0.16113359059363513
1.5399724969339266,-0.8901460455102723,0.30111205206448455,-0.9762224034633996
-0.5615302619971083,-1.2544662887117946,0.6127999130107694,1.4740053267400128
-1.5078836198708954,0.7768302595289209,-0.8689162259492618,0.13176442259462176
-0.9137417691853701,1.274709640904409,0.056556961168168704,0.5394364450571186
1.6895486097407917,-1.1310123055077566,-1.6049790975685654,-0.266817143106276
-1.6680049873839957,-0.6893261403936128,-0.7993858569689367,-1.1342564979342817
0.36722917091943347,-0.945216466774958,0.5001127632840356,-0.12241873377779285
0.19417599105605488,1.5132233780517514,-0.3893964398780543,-0.93636424689331
-0.15193036867070228,0.8021733465963589,0.20041289698953096,0.7894240060011027
0.5059825223172675,0.736249240363973,0.5768359290554289,0.46496462620247736
0.03388811952127704,-0.6477292590888308,-0.6051803436100976,0.8425682147612223
0.9921187642747187,-0.9221189697008374,-0.10408216716568582,1.3030348130314697
-0.8417565304801738,1.0669925665225608,-0.3630228516441379,-0.6038633091901929
0.0629153206337039,-0.49850445739005644,0.3250880413680449,-0.5307900221450282
1.1094485982167273,1.4850465702784608,1.0419701215445,-1.3723565384977128
-0.9226219836748315,0.7256628875383344,-1.1542304986616303,-0.2608733829159994
1.1228799226320374,-0.6538778983562472,0.7374750573892834,-1.2783052743103958
-1.195355571182414,1.4414179646940108,1.0707413087087725,0.9023554496163567
1.2563051453361946,-0.6794883175657467,0.21240089164131115,1.0932550416099447
-1.5454580274294287,0.21869421333275257,-1.581003108265005,0.4534267387742933
-1.2050683057802625,0.04241539885734618,-0.7945906591082247,0.21357853344901637
1.449172303779184,1.5638026193298025,0.16924411089490246,-0.83916628613467
1.1607873382339258,-0.5670484186146457,0.39461841034837,0.07582315021554836
-1.7570846389814052,-1.3999484404217069,1.1882236562962185,0.5251014940099812
0.6667699059170775,0.6428433899276567,-0.23834770726562393,0.17861523821209555
1.0498401584562176,-0.17770588691615946,-0.30308287838523695,1.6166555713066497
-1.3965479307092734,-1.4993425308402026,1.0036085386588036,0.5506246995329335
1.052448721462497,1.6364100291137278,-1.2501344558758718,1.2873013301748553
-0.17013480837409808,-0.9378380996540583,0.9460661643302587,0.6376833046728663
-0.5116345568344471,1.5500617472278373,-0.02975660032464865,1.047103491897209
-1.0007123698415326,-1.4849600615972895,-0.4709148035101596,-1.6877254615347386
-1.552118188296525,0.3771152407184453,1.5910202765960328,-1.297185453738333
0.09172051638389425,-0.6966510410861001,0.2483648755966517,0.04225838678810433
0.1743620124764442,1.3081796250905189,-1.576207910404293,0.6544656863865884
1.3664198050055159,-0.7086275210504589,-0.6771083115207788,-0.567501482143795
-1.256795555181375,1.1208867263621756,0.9172949771659862,-0.003893162924631192
-0.29273726966922425,1.519906681603291,-0.053732589628209024,0.3331530031592857
-1.02457794628196,-0.005543987428501416,1.104307693733757,0.8509594056180831
1.7174102827014766,1.5027974245113498,-1.0439409478652526,-1.2594250948824584
1.1888710165568472,-0.4962054009683268,1.224187640251559,-1.5608086998247162
0.9447206194372186,1.4932269338255453,-1.65053347724533,0.6513189898152654
-0.32509455121519915,0.1976284405383,0.2100032927109551,-0.6556089861408356
0.6230348495564803,0.4699864268706385,-0.8952898141831782,-0.6493155929981899
-1.4057611532420895,-0.2520776888376912,-0.6171683382618779,-0.2094773389177258
0.02994752434157855,-1.0093761808697372,1.7061050252531225,1.1981449273207072
0.6444583670123059,1.446176476822707,0.36584722318409757,-0.07836498177927266
0.8798395523235915,-0.027999887361674202,1.5238875065460638,-0.1703184482523743
-0.33003417052496203,-1.269223022953594,1.4495619397050266,-1.1038384310781608
-0.5301165032406386,1.2297443746096512,-1.1494353008009182,-0.8251809680399017
-0.6329049859561541,0.04519565313478662,0.03018337293425229,-0.048995813780259044
-0.34318798823747665,-0.6431311462453716,-1.1086761189848655,0.625795784292313
-0.4381507819341543,-1.6207113233361603,1.6389722552031536,-1.6129040097277283
1.2146791399168444,0.37412112072735565,-0.9840009746063516,1.4509295518836451
1.1448584534934545,0.5340392081085933,-0.1856005307977911,-0.3157657564379651
-0.6713674149636337,-0.03366732877337972,-0.6171683382618779,-0.015431050352815008
0.5174712998130081,-1.2973998307268846,1.0563557151266363,-1.3817966282116814
0.3654531280215412,-0.786260775105142,-1.578605509334649,0.22022155954403125
-1.4663131157921043,-1.4907344358658197,-0.9384465949295869,1.0131890955173959
0.12574283814664314,-0.536144822992327,-0.4661196056494475,-0.7713374933750435
1.4006086307899421,-0.17636922620585155,-1.3076768302044166,0.9922111183752436
0.5574877663561435,0.9371226119090448,0.5144983568661718,0.052747375359180476
1.6786148456506422,0.3912838442477091,1.0515605172659244,-0.5549146958585035
0.6645498522947122,-1.4245429974913724,-0.8233618462724971,-0.8115452828975026
-0.8548548468521294,0.3440195215312217,1.6629482445067139,-0.5678511150961644
-0.12512322118064073,-0.8704169334261277,0.2579552713180759,0.5415342427713339
-0.3699951357275382,-1.6915543409824791,-1.2501344558758718,-0.4370883909100804
-1.5191503920043994,-0.9527552331810946,1.0515605172659244,-0.14654340749126815
0.6980171606518697,-1.0820905235104874,0.5792335279857849,1.3820518602669105
0.786597300184247,-0.8212812857152091,1.7037074263227665,-0.40212509567315957
0.27914854345208845,0.5920502829359563,1.6221890626906612,-0.5570124935727189
-1.70552389360197,-0.8987006740562429,0.6367759023143298,-1.20138602478917
0.7937569731163752,1.31881944434457,1.286525212440816,-0.41925711033925084
-1.6791607568363818,-0.4619868867844445,-0.3534324559227137,-1.3209604944994393
-0.16358565018812032,1.4398674382700536,-0.010575808881800349,-0.870982884800268
1.2422078048341747,0.0656198287882914,1.3392723889086489,0.9803235979946904
-0.3666650552939902,1.4812504538611864,0.37783521783587776,0.9034043484734644
-0.5885039135088472,-0.21427692395018372,-1.3196648248561968,-1.4324934063052166
-0.426828508460091,1.0812681029086493,-1.5977863007774973,0.7827809799060874
-0.1945553982201169,0.9152548426884075,1.097114896942689,1.2705189484611332
1.661020920693397,-0.2165759803719133,-0.40138443452983447,0.890467929235804
-0.29190474956083723,0.025306141765405007,0.715896667016079,-0.3140175916761189
0.1165851169543861,-0.44338056969695844,-0.05613018855856506,-1.6740897763923397
-0.28291353239025757,-1.0895223570597992,-0.07531098000141337,-1.5856326394429299
-1.0413393511308182,0.08438654516101436,-0.3846012420173422,1.4330982713128153
0.5900670532643549,-0.7646603380265663,-1.7272566430167233,-0.9220292958461724
1.4592735477609462,1.3853316812894911,0.47853437291083134,0.18001377002157234
1.690547633870856,0.48506395968291166,1.2313804370426271,-1.127613471839267
1.3911734028948894,-1.4282856474802346,-0.40857723132090257,1.4750542255971204
0.043878360821921085,0.4735686775742637,0.18123210554668265,0.7450206210502129
1.2499224911718942,1.4336118661458126,-0.7346506858493237,-0.7465135537568298
0.37710840953895924,-1.6344521954381255,-0.9576273863724352,1.0257758818026874
0.8416546300189075,-0.3267168229012846,-0.9264586002778067,-1.4727011958276754
-0.5192382404910485,-0.15653318126488225,-0.6579275200779305,0.4733558170593382
0.43538481712604954,0.31514765018857094,-0.6507347232868623,-0.07486865225558054
0.2706013370059819,0.8907137520471544,-1.465918359607915,0.5030746180107207
0.7137795413706637,-1.1618089682732506,1.3368747899782927,0.8680914202841746
1.7422193819314093,0.20270775123747004,1.1258860841069616,-0.9748238716539228
1.6748407544926212,-0.8180733000104701,-1.4179663810007943,-0.12836249396806945
0.551882130959671,0.86799051997192,-1.2405440601544477,-0.22311302406012495
-0.1539284169308311,1.192852539005153,-0.7034818997546952,1.6285430916872028
-0.4603513181578077,1.6780603768469222,-1.5618223168221566,-1.587380804204776
0.16059768001777905,0.2362846682804046,1.67733383808885,-0.8356699566109779
0.07451510081056283,0.8404553093395772,-0.2311549104745558,1.241499413414489
-1.0537716514160642,-1.1551256647217112,1.032379725823076,1.3016362812219928
-1.3425451263452364,-1.324400377075104,0.6679446884089583,-0.9839143284155223
-1.6345376790268382,0.05284135239774783,-0.5332523756994165,-0.031863799114167764
1.4243632045492511,-0.2152393196616054,1.0539581161962803,-0.7867213432792888
-0.7280897850150683,-1.6718252288983346,-1.2189656697812432,0.555519560866102
-1.7049688801963787,0.3574930614911253,-1.4850991510507634,-0.4591152669093406
-1.7062454110292389,0.22329232617621175,-1.4203639799311505,-1.432843039257586
0.9648676060601841,0.4355005805446946,-1.0079769639099119,0.18455899840237214
-0.28740914097554743,-1.5433454014235388,-1.2093752740598191,0.5562188267708408
0.3725572996131103,0.8748876892371088,-0.8880970173921101,-1.225161065550276
-0.9237875118265733,-0.2761375816232335,1.4639475332871628,0.4765025136306612
0.6757611230876571,0.5188547424394955,0.10211134084493342,-1.723038389724029
-1.0284075387805403,-1.5741955306174453,-0.04174459497642884,1.0575924804682857
-0.7627781228645267,-0.09071600788932106,-1.1734112901044786,-0.9339168162267255
0.8288893216903068,1.13045721704798,-1.6193646911507016,-0.67134246899745
-0.4007428783972982,0.7991792266052691,-1.3724120013240297,-0.15982945968129816
-1.5817004028145432,-1.5097150179521919,0.6008119183589893,0.09785002621480833
-1.5011679576632402,1.476438475304078,-0.31746847196737316,0.8124997808574704
-0.8116193025565643,-1.6069704512341951,1.3224891963961565,0.7093580599085538
0.8415436273377892,-0.5349150951388437,-0.7082770976154072,-1.2083786838365542
-0.3402464171878426,-0.5695078743216123,-1.2837008409008563,0.954800392471738
0.8768424799333983,0.7056129768837158,-0.29828768052452487,-1.345784434117653
-1.4290162149363665,0.39951767422320583,-0.032154199255004685,-0.8482567428962694
-1.1788716730363513,1.4983062445247153,-0.4277580227637509,1.1247220073231732
-0.6206391896925856,-1.5746767284731562,1.6341770573424415,0.9712331412330908
-0.6351805409190786,-0.7366439295385127,-0.31027567517630505,-0.6874255848064336
-1.5403519040979885,0.14213028784631582,0.7902222338571162,1.540435587690162
-1.130474504068787,0.6214568185627302,1.0227893301016517,0.23140981401984595
1.4781995048916108,0.1284428821727629,-0.2815044880120326,0.9810228638994286
1.2927140247429862,1.190820814725485,1.0491629183355682,-0.9891588227010604
-0.8602939782269244,1.635233767688657,-0.2575284987084722,-0.7828753808032275
-1.127588434359712,-0.6536105662141856,-1.6840998622703145,-1.1346061308866513
0.07928821609864832,1.5707532550234036,0.7974150306481843,-1.0667773381270247
-1.7768431162204568,0.414595207035479,-0.15922694256387468,-0.6591053156645278
0.2752634496129491,-1.474213309486414,0.9436685653999026,-0.05843590349422778
0.33520489741681336,1.0527704965648848,1.3872243675157696,1.5355407263569931
-1.153785067103623,-0.6386399662587371,-1.1662184933134105,-0.33709336653248684
-1.4249646170755497,-1.2207824388120354,-0.5212643810476364,-1.4891339445890286
1.5388069687821848,-1.530353059319346,1.5286827044067757,0.13596001802305216
-0.1585905295377983,-1.2403511516109431,-0.8497354345064135,-0.7493106173757834
0.301404581016301,1.3151837272125324,1.5862250787353207,-1.0412541326040725
0.9944498205782023,-0.11525709853057418,1.0635485119177044,0.333852269064024
-1.2300439090318724,-0.6253268255840704,-0.14484134898173845,-0.7699389615655667
-1.6108386066080882,1.681909959692609,0.14287052266098604,0.017084814217521362
-0.015230566873556206,-0.8664604177236163,-1.3556288088115374,-0.7391712617570765
-1.0670919731502564,0.5632318780217179,1.0227893301016517,0.43105022982266394
1.75243162859429,0.13261326358892356,-1.0295553542831164,-0.5835845979527786
-0.7593925410904195,-0.9919995916357346,-1.4083759852793702,-1.654160698107295
0.5465540022659942,-0.20492029897802838,0.04936416437710059,0.6904778804806169
1.6006909635056188,-1.2116931459819418,-0.180805332937079,0.890467929235804
0.160986189401693,0.108339505089732,-0.629156332913658,0.599223679912253
-0.3737692268855593,0.8863295049173444,1.29611560816224,-0.7930147364219345
0.9902872200362673,-0.7671732601619451,1.3776339717943453,-1.688075094487108
-0.0958185133654182,0.1142742786434991,0.3250880413680449,-1.196491163456001
1.7799602935116203,-1.606810051948958,0.8909213889320697,1.1502452128461256
-0.23840145726183243,-0.9134039418696298,1.4879235225907232,-1.557312370301024
-1.3400475660200752,1.5141323073347608,0.7734390413446239,0.6149571627688675
0.43527381444493124,-0.7276615695652435,-1.4059783863490143,1.5393866888330543
0.38498959989835624,-0.4294258318813439,-0.562023562863689,-0.5867312945241017
-1.4082587135672506,1.3982170905368594,-0.12086535967817807,0.9659886469475529
-0.5333910823336275,0.5319005509721006,1.6581530466460017,-1.1122296219350216
0.3937033103661402,-1.3145090878188257,-0.885699418461754,0.09330479783400877
-0.19499940894458995,-0.27693957804941827,-1.0319529532134724,1.388694886361926
0.19844959427910816,1.513490710193813,-1.38439999597581,1.3425433366491901
-1.0406733350441086,1.1934406697176885,-1.0679169371688129,-0.5192521347168444
-1.1030013404920158,-1.2228141630917035,-1.010374562840268,0.7586563061926122
0.8362154986441124,0.33273810513622293,-0.41097483025125864,1.0215802863742571
0.2627201466465849,0.9023694334410394,-0.015371006742512424,-0.3682106992933464
-0.6027122566919854,-0.31960578792244654,-1.5522319211007325,-0.7944132682314113
0.9750798527230647,0.5955790672111692,1.3224891963961565,1.2264651964626132
-1.5126012338184218,-1.3435413584467133,-1.331652819507977,-0.03780755930444436
0.8941033968472888,1.2747631073328214,-0.5524331671422649,0.7282382393364913
0.29868501532890346,-0.5577452600709027,1.3296819931872246,-1.432843039257586
-1.372737855609405,-1.4834095351733325,-1.516267937145392,-1.5744443849671153
-1.0145322036407567,-1.6875443588515555,0.8165958220910327,-0.315416123485596
-1.2277683540689481,-0.1311900941974444,1.094717298012333,0.777886118572919
-1.7114070357012383,0.2523780632325117,0.07813535154137304,-0.1206705690159469
1.1112246411146194,0.5462295537866013,-1.6289550868721256,1.446384323502845
-0.9283386217524223,-0.19385274829667892,-0.24793810298704808,-0.31191979396190384
-1.1012252975941235,0.3759389792933744,1.4303811482621782,1.6687508812096616
-1.2054013138236173,-1.377492540488534,-0.09449177144426166,-0.6856774200445875
1.7597578055480956,-0.5795060964347154,1.0539581161962803,-1.3873907554495888
-1.3783434910058776,-0.40525900623897704,-1.2813032419705002,0.13456148621357536
-0.3809288998176875,-1.6008218119667788,0.332280838159113,-0.29303961453396665
0.2779275139597875,-1.1227784755322598,0.3538592285323174,0.20658587440163237
1.0463990753415513,0.16175246707363586,-1.7248590440863671,1.3736606694100497
0.6169852034355346,-0.8965620169197502,-1.7224614451560112,-1.070623300603086
-0.14682424533926197,0.7661369738464577,1.5334779022674878,-0.5150565392884138
-0.34241096946964883,0.8379958536326106,-1.0079769639099119,-1.7174442624861215
1.7704695642760084,-1.534416507878682,1.1762356616444383,0.2523877911619985
0.2985740126477852,-0.20834215039641663,0.7087038702250109,0.8782307759028815
-0.4755586854710103,0.1261972921794456,1.3704411750032772,-0.20458247758455686
1.3080878960778664,-1.4984336015571933,-0.7682170708743082,1.520156876452748
-0.2524432964232932,0.5154863574495195,1.4040075600282618,1.1450007185605877
1.451725365444904,-0.9877222773627493,0.6919206777125186,1.3460396661728826
0.256115487120048,0.6585090534524654,0.2987144531341285,-1.1020902663163148
-0.8635685573199133,-1.6809145217284283,-1.6577262740363983,0.82159023761907
1.664351001126945,-1.2662289029625042,0.9940181429373794,-1.119222280982406
0.9435550912854768,-1.475870768767196,-0.41816762704232674,-1.5080141240169658
-1.703803352044637,-0.39173199985066104,0.4137992017912183,-0.6790343939495725
1.0515607000135507,-0.6082710349205415,1.2577540252765436,-1.1779606169804329
-1.2862112656777158,0.7151834675695204,1.092319699081977,-0.7297311720431079
-0.4421468784544119,1.370949212046578,-0.19758852544957128,-1.4268992790673094
-1.4539918181879767,-0.3578877506656649,0.41619680072157433,-0.8835696710855595
1.171665600983516,-1.385405571893557,1.6797314370192062,-1.3905374520209115
-0.010235446223234182,-1.546072189272567,-1.6769070654792464,0.9034043484734644
-0.6267998384946494,1.2633212916525858,-1.2789056430401442,-1.7024100455342455
1.0577768501561737,-0.9009462640495601,-1.3148696269954847,0.7219448461938454
0.7338155253125109,1.3523963613875045,-0.18320293186743505,-0.7139976891864933
0.8909953217759773,1.4527528475174218,1.4951163193817913,0.09959819097665452
-1.6453604404358693,-1.4028890939843843,1.154657271271234,1.6488218029246169
-1.3722383435443728,0.993476227455626,-1.6049790975685654,-0.3573720777699008
-1.440005480367075,-0.4086808576573653,-1.516267937145392,1.1918515341780613
-0.3537887442842712,-0.9620049252964252,-0.1736125361460109,1.5355407263569931
-1.706356413710357,0.05134429240220298,-1.1614232954526984,-1.3587208533553137
0.17086542802121876,0.7922820573400804,1.4567547364960947,0.857602431713098
0.5135307046333096,1.0385484266072085,1.6821290359495622,-1.176562085170956
-0.09698404151716,-1.6229034469010652,1.3224891963961565,0.20518734259215532
-0.28085998278956964,-1.4902532380101088,0.39222081141801396,0.01918261193173644
-0.2611015055505181,1.6801455675550026,-1.4227615788615064,0.8002626275245478
1.5438575907730658,1.3482259799713439,-0.8137714505510729,0.9114459063779563
1.0987923408293736,0.3040800995072215,-0.5356499746297726,-0.36925959815045406
0.044266870205835016,-0.354519365675689,-0.3582276537834258,1.0778711917056998
0.6986276753980202,0.9293165133608466,-1.1542304986616303,-0.7730856581368896
-0.5928885194130188,1.3675808270566023,-0.29828768052452487,0.9670375458046606
-1.2831031906064043,-1.295795837874515,-1.194989680477683,1.1079396256094516
0.8855006890606231,1.533433687991607,0.8573550039070853,1.6250467621635105
-1.3653006759744812,1.649937035502044,1.543068297988912,-0.5346359846210895
0.4174578841254494,1.054855687272965,-0.6435419264957942,0.6135586309593909
0.6795907155862374,-0.45161439967245515,1.5670442872924724,1.426105612265431
1.587981156517577,1.524985992302461,0.711101469155367,0.6013214776264684
-1.5460130408350201,0.7484395860419811,1.5574538915710483,-1.5667524600149927
-0.58511833173474,-0.6095007627740248,-0.24074530619597995,-0.09095176806456415
0.7767735629052803,1.1321681427571741,1.6509602498549336,1.6198022678779727
1.6999273604253495,0.9840126696266461,1.4711403300782309,0.11707983859511494
0.18302022160366904,-0.41333243692923677,0.08532814833244115,-0.8940586596566358
-1.206122831250886,-0.26116698166778496,-1.2932912366222804,1.3460396661728826
0.6721535359513134,1.2429505824274933,0.8189934210213886,1.511066419691149
0.8386020562881552,1.5423625815364637,-0.8952898141831782,-0.07591755111268819
0.3211630582553526,-0.9693832924173249,-1.386797594906166,-0.30912273034295
-1.0789692600299108,0.43277379269566646,-1.317267225925841,-0.11612534063514711
-1.4390064562370106,-0.8146514485920818,-1.0415433489348964,-0.8321736270872859
-1.2756105096309212,-0.38446056558658603,-0.6339515307743702,1.4750542255971204
1.215678164046909,-0.3913042684233625,-0.17121493721565487,0.12756882716619108
0.3610685221173696,-0.07237702294389661,-0.3654204505744939,0.4918863635349063
-0.9072481123399515,-1.1102138648553657,0.2579552713180759,-1.3304005842134077
-1.3949383918330585,0.9148271112611089,0.19561769912881888,1.2121302454154754
1.0507281799051638,-0.9464996610568536,-1.386797594906166,-1.5345862283970255
-1.3351079467103124,1.4135619554911942,0.02059297721282814,1.4799490869302894
0.8833916381193759,1.0406870837437012,0.23877447987522757,0.3212654827787325
1.7730226259417285,-1.4262539232005664,0.4473655868162028,-0.7244866777575696
0.522410919122771,0.7409542860642568,0.4497631857465589,1.449531020074168
-0.9510941713816671,-0.35975907566009596,1.0371749236837882,-1.5657035611578851
1.7504890816747203,0.3177675051807744,-0.5524331671422649,1.033118173802441
-1.091901072380189,-0.10536580927429569,0.7830294370660481,-1.6814320683920931
0.3408105328132859,0.9102824648460621,-0.3846012420173422,-1.5279432023020105
0.015406173115085544,0.889804822764145,-1.4299543756525745,-1.4824909184940134
1.3851237567739438,1.4213680540393923,1.415995554680042,-0.8465085781344234
-0.12096062063870572,-0.3806109827408993,-0.7682170708743082,1.0635362406585618
-0.01944866875605036,-1.1955997510298346,1.6941170306013424,1.6484721699722475
0.7609001795053681,-1.2569257444187611,0.20041289698953096,1.185558141035416
0.7483013751984448,-1.138871870484367,0.584028725846497,1.589034568069482
-0.9341662625111313,-0.17802668548663336,-1.3748096002543857,0.46251719553589266
-1.502333485814982,1.6844763482564,0.19082250126810682,0.8020107922863943
-0.09948160184232102,1.3899832605613627,0.202810495919887,-0.07661681701742648
-1.0552146862706018,-1.4772608959059161,1.2481636295551193,-0.7178436516625547
1.6865515373505984,-0.05649749370543872,-1.1566280975919863,-0.3517779505319936
1.6608544166717196,-0.7834270543992893,-0.18320293186743505,1.0345167056119176
-1.0464454744622587,0.9618775682639472,-0.04414219390678487,1.0831156859912374
0.5226329244850075,1.1486892691365798,-0.8305546430635652,1.5925308975931745
1.2015253222043298,-1.563341845649745,0.7015110734339428,0.9663382798999218
0.10215476840901137,-1.5811996327394586,-0.8904946163224662,1.6561640949243701
1.2911044858667715,-0.7269130395674711,-1.3436408141597573,-1.6559088628691407
1.278949692284321,0.6675448798541468,0.3634496242537415,-1.3401903068797456
-0.8822725090883414,1.0263580809292006,-0.032154199255004685,-0.33954079719907126
0.19739506880848462,-0.21834037250951974,-1.4371471724436427,-0.06018406825607372
-0.2549963580890134,-0.43798046042731453,0.39461841034837,-0.8611931621339302
0.17103193204289618,-0.6024966606520114,-0.9552297874420792,-0.9779705682252458
1.2883294188388148,0.9701113982394439,0.5696431322643607,1.0880105473244064
0.22303668814680436,0.028407194613319347,0.7878246349267601,0.700966869051693
-1.6320401187016773,1.0358751051865929,-1.0175673596313362,-0.5486213027158577
1.0971273006125994,1.48964468312192,0.5264863515179521,-0.00634059359121566
1.6450365346123665,-0.569133609322726,-1.0607241403777448,-0.26122301586836855
1.340389676283282,-1.0319390136597348,0.4329799932340666,-1.0835597198407467
-0.07112041681660375,1.437568381848324,-1.204580076199107,0.3286077747784859
-1.6411978398939342,1.285028661587986,-0.22156451475313166,1.0131890955173959
0.3603470046901009,0.8258589743830149,-1.2932912366222804,-1.3265546217373465
1.1623413757695815,1.5232216001648546,-0.25992609763882824,-0.6570075179503124
-0.9332227397216261,-0.6777773918565525,-1.0031817660492,-1.1531366773622194
-1.1416302735211727,1.1003021514234337,-1.715268648364943,-0.2881447532007977
-0.9059160801665322,-1.2104634181284584,0.5144983568661718,-1.335994711451315
0.2645516908850363,0.6459979092039834,-1.1614232954526984,-0.9737749727968154
-1.1638863110853852,-1.5135646007978787,0.8285838167428128,-0.38813977757839124
-1.0640393994195039,1.6197285034490851,0.3682448221144536,-1.1314594343153281
-1.4607074803956317,-1.622529181902179,1.0563557151266363,0.6551649522913267
1.370693408228569,-1.2295509330716552,0.651161495896466,1.5243524718811787
-0.9503726539543983,1.3715373427591135,0.12129213228778171,0.1635810212602196
-1.229877405010195,0.6350372913794585,-0.5548307660726208,0.2901481500178729
0.8622456273663461,1.6763494511377282,0.6247879076625497,-0.10074149073090202
0.7171096218042117,-0.7690980515847885,0.0373761697253204,-1.1541855762193267
-0.932390219613239,-1.3257905042138243,0.9916205440070234,1.4390420315030918
0.8125719275659216,0.7002663340424842,0.08532814833244115,1.3313550821733757
-1.610783105267529,-0.6489055205139018,0.5432695440304444,1.1890544705591077
-1.002599415420543,0.5475127480684969,-1.3532312098811814,1.3586264524581741
0.8361044959629942,-1.1117109248509105,1.3320795921175808,-1.5499700783012706
-0.6247462888939614,-1.5217984307733754,-0.49968599067443203,0.7670474970494734
-0.26864968786656024,0.29306601525428433,-0.33185406554950936,-1.52374760687358
1.672287692826901,-1.6991465738170282,1.5934178755263888,-0.12381726558726966
-0.8960368415470065,-0.5078076159337994,-0.5212643810476364,0.03631462659782772
-1.700473271611089,-0.12621771635509899,-1.2357488622937356,-1.1248164082203134
0.17019941193450916,0.007715686817752992,1.670141041297782,0.9117955393303258
-0.37787632608693517,-0.35339657067903035,1.670141041297782,-0.9059461800371889
-0.5079714683575444,-0.35601642567123387,-1.1134713168455777,0.6852333861950786
1.3034812848114583,1.3404198814231456,-0.2934924826638128,0.5306956212478884
0.10332029656075317,-0.6768149961451309,1.351260383560429,-0.2783550305344598
-0.27575385945812936,-0.9227605668417852,-0.43734841848517503,-0.42799793414848103
-0.23279582186535994,0.8383701186314969,-0.04893739176749695,-0.9052469141324504
0.7116149890888575,-0.926128951831761,-0.8065786537600048,-0.8220342714685788
-0.6587131093161512,0.8256451086693656,-1.0151697607009802,0.06358599688262602
-0.6735319672454398,1.2610222352308562,-0.7850002633868005,-1.5747940179194844
0.880505568410301,-0.14632109343812988,-1.3460384130901133,-1.6618526230594173
-1.347373742973881,0.37305179215910933,-0.6843011083118469,0.09400406373874705
1.6010794728895326,0.21762488476450623,0.31070244778590866,0.2981897079223649
-1.0946206380675865,0.14688879997501195,-1.2357488622937356,-0.5021201200507531
1.3832922125354923,-0.5833556792804022,-0.7322530869189676,0.4733558170593382
-0.92656257885453,-1.6690449746208942,-0.2862996858727447,0.3418938269685159
-0.5955525837598572,-1.387651161886874,1.3320795921175808,0.2041384437350479
1.219507756545489,0.056797868100259226,-1.317267225925841,-0.4056214251968517
-1.2962570083189189,-1.3278756949219046,0.9484637632606147,0.9166904006634946
-0.6580470932294417,0.5740320965610057,0.840571811394593,1.1096877903712976
0.8313313806749086,1.0450713308735111,-0.7442410815707479,-1.0905523788881308
-0.9465430614558181,1.1140964899538113,-0.5524331671422649,-0.7860220773745503
-1.5754842526719202,0.6952404897717265,-1.266917648388364,-0.2863965884389515
-0.7189875651633703,0.4374788383959503,-1.4203639799311505,-0.13500552006308433
-0.5275634415749185,-1.6196954611963263,0.06374975795923682,1.1754187854167086
1.217842716328715,-1.5482108464090596,1.1954164530872866,-1.0594350461272712
0.8793400402585593,0.35369694507385085,0.9964157418677354,-1.248236840406644
1.3082544000995437,-1.620497457622511,-1.52346073393646,1.2890494949367013
-1.762024258291168,1.62560981057444,0.6967158755732308,-1.263620690310889
0.9429445765393264,0.34204126367996596,0.20760569378059907,0.229661649258
1.1541826787073888,1.0001595310071656,-0.8545306323671256,0.7418739244788904
1.198639252495255,0.1860796920012397,-1.135049707218782,-1.1234178764108362
-1.4534368047823853,0.9839592031982338,0.6032095172893452,0.9418639732340777
0.9048706569157607,0.721706371835823,1.3296819931872246,-1.359420119260052
0.00302937417039875,-0.14129524916737216,-0.23355250940491185,-1.5622072316341928
-0.6767510449978696,1.5057380780740273,0.8789333942802896,1.529596966166717
-1.0751951688718897,1.2056310153956966,1.6317794584120855,1.538687422928316
0.37782992696622797,-0.5388181444129428,0.8237886188821008,1.583790073783944
-1.709186982078873,0.10609391509641473,-0.5500355682119088,0.35517987915854593
0.73387102665307,-0.7538066530588661,0.9748373514945311,1.2925458244603936
-0.6849097420600623,1.4659055889068517,1.154657271271234,-1.158381171647757
0.9337868553470693,1.0461406594417575,-0.010575808881800349,0.26357604563781317
1.7386672961356249,-0.4669057981983776,0.6439686991053979,-0.16087835853840582
-0.9574213242054083,0.6416136620741734,-1.4707135574686272,-0.9496502990833399
1.5477981859527643,0.6623051698697398,-1.645738279384618,0.08386470812004004
-1.1136575978793695,1.5680799336027877,0.9796325493552431,-1.1573322727906497
-0.2759758648203659,0.9628399639753689,1.3033084049533084,0.28805035230365783
0.8520333807034655,-0.48444278671761726,0.5528599397518685,-1.0430022973659185
1.4110983841556184,-0.8460362420701115,1.1666452659230142,-1.6489162038217564
-0.4796102833318271,-0.05724602370321114,1.2121996455997788,0.7771868526681802
-1.5668815448852544,0.2921036195428627,-0.32226366982808524,-0.6028144103330852
0.12213525101029947,0.5220092617158222,0.6008119183589893,-1.7531068236277807
1.5076707167285108,-1.2261825480816795,-0.7610242740832401,-1.1475425501243117
-1.3581410030423529,-1.0606504857171486,-0.2934924826638128,-1.0346111065090575
-0.6597676347867748,-1.2457512608805872,1.660550645576358,-0.5930246876667473
-1.5275310944288287,-0.48904089956107644,-1.1494353008009182,1.4974307345487496
1.50900274890193,-0.38574375986848164,-0.8761090227403299,1.4900884425489962
0.8481482868643262,-1.0065959265922968,0.8046078274392524,-0.03221343206653715
1.4083233171276617,0.3235953458777169,-0.5548307660726208,-0.002494631115154388
0.8964899544913315,0.7142745382865111,-0.022563803533580538,0.6345366081015432
1.0115442334704154,0.6318827721031318,-0.19998612437992733,0.170923313259973
-0.6053763210388238,-1.4987544001276671,-0.6507347232868623,-1.220266204217107
-0.9379403536691524,0.8127062329935851,0.24596727666629567,-1.2716622482153808
-0.6566595597154633,0.4961849767926734,-0.12086535967817807,1.4942840379774267
-1.1563936301099023,-1.5661220999271854,-1.075109733959881,-1.28075270497698
0.9918412575719231,0.5008365560645449,0.32029284350733284,0.841868948856484
-0.17918152688523686,-1.667013250341226,0.45455838360727097,1.0166854250410882
-0.012733006548395194,0.09759275297885646,0.8046078274392524,0.7338323665743985
0.7798261366360327,-0.4143482990690708,1.3704411750032772,-0.6961664086156638
-1.2237722575486905,1.6034212427833288,-1.1590256965223424,-0.21996632748880196
1.148799048673153,-1.1007503070263858,1.3776339717943453,-0.21786852977458662
-0.6962875168746847,-1.0163802829917508,-0.39419163773876637,-0.5514183663348117
0.8507013485300463,1.6692918825873024,1.674936239158494,1.4222596497893698
0.11292202847748328,-0.715898955314534,0.8094030252999646,-0.23010568310750898
1.781958341771749,1.1071458542602102,-0.5979875468190295,-1.0311147769853655
0.1568790902003171,0.3094802087768654,1.2601516242068995,0.7289375052412296
-0.9528147129390002,-0.9430778096384653,1.617393864829949,0.4135685822042035
-0.5806782244900094,1.702227202489289,1.6797314370192062,-0.08535764082665669
-1.3886112390093173,1.561343163622836,-0.5356499746297726,-0.8713325177526371
-1.727058413738914,-1.223402293804239,1.276934816719392,-0.34758235510356295
0.16398326179188621,-0.22267115321091735,0.780631838135692,-1.7614980144846417
1.7658074516690412,-1.0508661293176946,-1.274110445179432,0.6880304498140322
1.7283995481321852,1.4814643195748356,-0.9863985735367077,0.11742947154748408
-0.36194744134646384,-0.25737086525051056,-1.456327963886491,-0.13990038139625327
-0.929060139179691,-1.1715933246727046,1.4207907525407542,-1.2125742792649845
1.7242369475902501,0.0967372901242594,1.6893218327406303,-0.7171443857578162
0.7898718792772359,-1.4266281881994527,1.1882236562962185,1.6617582221622773
1.0281391342975965,-1.5977207591188645,0.8237886188821008,0.3670673995390989
-0.7273682675877995,-0.03944170304190986,-0.9624225842331473,-1.228657395073968
1.0732062228316128,-0.5283387244441289,1.475935527938943,-0.11682460653988538
-0.9784008309367608,0.11272375221954194,0.7230894638071471,-1.1346061308866513
0.5898450479021183,-0.3254870950478013,1.6030082712478129,1.0624873418014542
-1.3883892336470807,0.6803233562446903,-1.1134713168455777,-0.9947529499389677
-0.07062090475157154,1.5700047250256313,-0.8737114238099739,-0.3605187743412238
-1.4376744240635912,0.8323818786493175,-1.6289550868721256,-1.6653489525831096
0.5388948172688337,-0.47685055388306835,1.5095019129639276,-1.0744692630791473
-1.2445297589178064,0.8612537499919682,-0.5236619799779924,1.5575676023562535
-1.6962551697285948,0.2793251431523191,0.2723408649002121,-0.6353302749034216
-0.152651886097971,1.3064686993813248,-0.2791068890816766,-0.7031590676630479
-1.667671979340641,-1.0173961451315847,-1.0990857232634414,0.4062262902044501
0.28275613058843213,0.33418169870335546,1.2050068488087107,-0.5933743206191165
1.38728830905575,0.46602991116812714,-0.8257594452028532,1.026824780659795
-0.16774825073005536,-0.10060729714559954,-1.3148696269954847,-1.156283373933542
0.7593461419697124,-0.7924094143725584,-0.1352509532603143,-0.8265794998493785
0.7873188176115157,1.0098904209782071,0.14287052266098604,0.226514952686677
1.0985148341265778,-1.0119960358619409,-1.2765080441097882,-0.829026930515963
-0.4499170661326906,0.6085179428869497,-0.5116739853262122,-1.7534564565801498
1.2109050487588233,-0.4077719283743559,-1.6577262740363983,1.6939244537802445
0.3242156319861049,1.0344849780478726,0.8789333942802896,-1.7506593929611962
-1.1320285416044427,-1.4568901866808237,0.32029284350733284,0.582091665246162
1.6201719340418745,0.3378708822638053,0.24596727666629567,-0.31052126215242704
-0.3496261437423362,-1.1944769560331758,-0.08010617786212544,0.01988187783647497
-1.0589332760880636,1.3763493213162221,-0.9504345895813671,-1.7450652657232888
1.0668235686673126,1.721154318147249,-1.453930364956135,0.03911169021678133
1.1196053435390485,-1.3978632497136265,-0.6675179157993546,-1.7754833325794102
-1.088182482562727,1.4446794168271622,-1.5977863007774973,1.0369641362785023
1.4771449794209872,0.6019950386206471,0.5744383301250728,0.9369691119009087
-1.702138311827863,1.3790761091652501,0.034978570794964366,-1.6129040097277283
-0.2226390765430385,-0.44493109612091564,0.8933189878624258,-0.6846285211874799
0.261943127878757,0.7907315309161231,-0.3582276537834258,0.9523529618051537
1.341222196391669,1.3103182822270116,1.2793324156497479,0.8271843648569772
-0.6367900797952935,-1.357496096262328,-0.9768081778152835,0.4432873831555863
-0.1305068512148767,0.6155755114373754,-0.32705886768879733,-0.6748387985211421
-1.3318333676173235,-1.44411171029028,1.4519595386353825,0.5128643406770585
0.19162292939033473,1.166653989083118,0.2723408649002121,0.3709133620151602
-1.7019163064656264,-0.9861717509387922,-0.16881733828529882,-0.8192372078496252
-0.12379118900722154,1.2558894581032738,-0.04174459497642884,-1.6789846377255084
1.5568449044639032,0.8590081599986509,-0.9528321885117231,-0.6356799078557908
-0.2763088728637207,-1.6944949945451566,0.08293054940208512,0.860749128284421
1.4152054833569943,-0.9777775216780585,0.8357766135338809,1.1887048376067388
-0.1641961649342708,0.5407225116601329,1.351260383560429,1.5089686219769336
0.5044284847816117,0.1956501826870443,0.9604517579123949,-1.7677914076272876
0.9587624585986794,1.486757495987655,0.8333790146035249,-0.04689801606604371
1.793225113905253,-1.3379808498918324,-0.11846776074782205,0.15449056449862025
1.2478134402306473,-0.0686878393834468,0.10450893977528945,0.6404803682918199
0.39947544978429006,0.28686390955845564,-0.40378203346019054,0.4020306947760197
0.28381065605905564,0.7450712010520052,0.15485851731276623,-1.266767386882212
-1.0618748471376978,-1.0676011214107497,-1.4107735842097262,0.519507366772074
-0.5089704924876087,0.27531516102139536,0.26994326596985607,0.3747593244912214
-0.25521836345124993,-0.31570273864834747,0.6631494905482462,1.3040837118885775
-1.4850725689010915,0.45843767833357824,-1.3508336109508254,-0.7776308865176893
1.3467168291070233,-0.8598840470289013,-0.2671188944298964,-0.20318394577508006
-1.359861544599686,1.1236135142112036,-1.453930364956135,0.30728016468396424
-1.718400204611689,-0.7181445453078512,1.1354764798283856,-0.9895084556534296
0.9105317936527924,-1.656854628942886,0.8741381964195775,-0.4374380238624495
-0.20016103361658938,-1.1628248304130848,0.5528599397518685,0.4177641776326342
1.5857056015546527,-1.2028177188654972,1.101910094803401,1.6537166642577859
0.5239649566584268,0.9144528462622228,-1.7248590440863671,0.08281580926293237
1.570442732900891,1.0828186293326063,-0.7921930601778686,0.33804786449245466
-0.8374274259165614,-1.4104813268189331,-1.1134713168455777,-1.3513785613555602
0.9163039330709423,0.029316123896328723,0.9484637632606147,-0.649665225950559
1.4761459552909229,-0.4299070297370548,0.5049079611447478,-0.5150565392884138
0.9317333057463814,1.1546775091187593,-0.7802050655260884,0.8513090385704525
-1.6251024511317855,0.5818916615376163,-1.0439409478652526,-1.4041731371633106
-0.26204502834002336,0.9777570975024051,-1.3652192045329616,-0.18849936177557325
-0.6629312111986454,0.8066645265829934,-0.9744105788849274,0.8034093240958708
0.018958258910870093,0.11288415150477889,-0.6555299211475745,-1.2723615141201192
0.5451109674114567,1.5195324166044049,0.646366298035754,-0.00039683340093905824
-0.5625292861271727,0.029262657467916404,-1.1662184933134105,-0.7346260333762766
1.4223096549485632,0.5986801200590836,1.3584531803514972,-0.8052518897548568
-0.2705922347861299,0.6301183799655254,-0.9935913703277758,-0.9384620446075252
-0.2584374412036797,-0.8299428471180043,-1.6169670922203456,1.1215753107518507
0.6481214554892086,1.6773118468491497,-1.2884960387615685,1.2656240871279643
-1.6557391911204273,-0.9095543590239431,-1.4850991510507634,-0.0056413276864771345
-0.19760797195086924,0.8232925858192237,1.478333126869299,-0.5951224853809627
-1.093621613937522,-0.8542166056171958,-0.9192658034867386,0.18980349268791022
0.34075503147272673,-0.41279777264511364,0.6080047151500574,-0.266817143106276
1.5332568347262714,0.2662793346197139,-1.0679169371688129,1.6554648290196319
0.33520489741681336,-0.23935267887556,1.4471643407746706,-0.18919862768031154
0.06813244664626247,0.025787339621115856,-1.6888950601310266,-0.8608435291815609
-0.2996194358985568,0.8852067099206858,1.161850068062302,-0.6248412863323451
-0.2854110927154186,-1.2167724566811118,0.5336791483090202,-0.312269426914273
-0.4857709321338909,0.11769613006188734,1.1594524691319459,-0.7839242796603351
-0.21714444382768425,0.5892165622301035,-1.4922919478418315,-0.9517480967975551
1.5902567114805015,-1.510410081521552,-0.5116739853262122,1.397435710171156
-0.8826610184722553,-1.3951364618645985,1.4999115172425033,-1.768840306484395
-1.3619705955409331,-0.7474976145062128,-1.1110737179152217,0.604118541245422
